side,sales_order,line_number,item,report_order_date,header_created,header_source,line_sys_created,header_in_july,line_in_july,dates_differ,bucket,tz_edge,customer_account,status
live_only,ORD00866999,1.0,MSG227WD06,2026-07-01,2026-07-01,SalesOrderHeadersV3,2026-07-01,yes,yes,no,both_in_period_other_cause,yes,7025,Invoiced
live_only,ORD00867000,1.0,OMPN84ER06,2026-07-01,2026-07-01,SalesOrderHeadersV3,2026-07-01,yes,yes,no,both_in_period_other_cause,yes,9022,Invoiced
live_only,ORD00867001,1.0,GMVL14TP06,2026-07-01,2026-07-01,SalesOrderHeadersV3,2026-07-01,yes,yes,no,both_in_period_other_cause,yes,9022,Invoiced
live_only,ORD00867002,1.0,PAPN84BU12,2026-07-01,2026-07-01,SalesOrderHeadersV3,2026-07-01,yes,yes,no,both_in_period_other_cause,yes,9022,Invoiced
live_only,ORD00867003,1.0,569-0-PK12,2026-07-01,2026-07-01,SalesOrderHeadersV3,2026-07-01,yes,yes,no,both_in_period_other_cause,yes,7125,Invoiced
live_only,ORD00867004,1.0,BCNAPKSG36,2026-07-01,2026-07-01,SalesOrderHeadersV3,2026-07-01,yes,yes,no,both_in_period_other_cause,yes,7125,Invoiced
live_only,ORD00867004,2.0,BCNAPKTP36,2026-07-01,2026-07-01,SalesOrderHeadersV3,2026-07-01,yes,yes,no,both_in_period_other_cause,yes,7125,Invoiced
live_only,ORD00867005,1.0,MSG2324AL6,2026-07-01,2026-07-01,SalesOrderHeadersV3,2026-07-01,yes,yes,no,both_in_period_other_cause,yes,7125,Invoiced
live_only,ORD00867005,2.0,MSG2324AL6,2026-07-01,2026-07-01,SalesOrderHeadersV3,2026-07-01,yes,yes,no,both_in_period_other_cause,yes,7125,Invoiced
live_only,ORD00867005,3.0,MSG2324AL6,2026-07-01,2026-07-01,SalesOrderHeadersV3,2026-07-01,yes,yes,no,both_in_period_other_cause,yes,7125,Invoiced
live_only,ORD00867005,4.0,MSG2324AL6,2026-07-01,2026-07-01,SalesOrderHeadersV3,2026-07-01,yes,yes,no,both_in_period_other_cause,yes,7125,Invoiced
live_only,ORD00867006,1.0,505-0-PK48,2026-07-01,2026-07-01,SalesOrderHeadersV3,2026-07-01,yes,yes,no,both_in_period_other_cause,yes,7125,Invoiced
live_only,ORD00867006,2.0,505-0-PK48,2026-07-01,2026-07-01,SalesOrderHeadersV3,2026-07-01,yes,yes,no,both_in_period_other_cause,yes,7125,Invoiced
live_only,ORD00867007,1.0,DRTU63WT06,2026-07-01,2026-07-01,SalesOrderHeadersV3,2026-07-01,yes,yes,no,both_in_period_other_cause,yes,7125,Invoiced
live_only,ORD00867007,2.0,DRTU63WT06,2026-07-01,2026-07-01,SalesOrderHeadersV3,2026-07-01,yes,yes,no,both_in_period_other_cause,yes,7125,Invoiced
live_only,ORD00867008,1.0,WRM1830DI6,2026-07-01,2026-07-01,SalesOrderHeadersV3,2026-07-01,yes,yes,no,both_in_period_other_cause,yes,9206,Invoiced
live_only,ORD00867009,1.0,MSG231GY06,2026-07-01,2026-07-01,SalesOrderHeadersV3,2026-07-01,yes,yes,no,both_in_period_other_cause,yes,9303,Invoiced
live_only,ORD00867010,1.0,MSG228AL06,2026-07-01,2026-07-01,SalesOrderHeadersV3,2026-07-01,yes,yes,no,both_in_period_other_cause,yes,9303,Invoiced
live_only,ORD00867010,2.0,MSG234AL06,2026-07-01,2026-07-01,SalesOrderHeadersV3,2026-07-01,yes,yes,no,both_in_period_other_cause,yes,9303,Invoiced
live_only,ORD00867011,1.0,STSQP70220,2026-07-01,2026-07-01,SalesOrderHeadersV3,2026-07-01,yes,yes,no,both_in_period_other_cause,yes,7025,Invoiced
live_only,ORD00867012,1.0,MSG259AL04,2026-07-01,2026-07-01,SalesOrderHeadersV3,2026-07-01,yes,yes,no,both_in_period_other_cause,yes,7125,Invoiced
live_only,ORD00867013,1.0,MSG247AL04,2026-07-01,2026-07-01,SalesOrderHeadersV3,2026-07-01,yes,yes,no,both_in_period_other_cause,yes,9303,Invoiced
live_only,ORD00867014,1.0,RTFTV60120,2026-07-01,2026-07-01,SalesOrderHeadersV3,2026-07-01,yes,yes,no,both_in_period_other_cause,yes,7025,Invoiced
live_only,ORD00867015,1.0,MFG230GY02,2026-07-01,2026-07-01,SalesOrderHeadersV3,2026-07-01,yes,yes,no,both_in_period_other_cause,yes,7025,Invoiced
live_only,ORD00867016,1.0,DSG223WH06,2026-07-01,2026-07-01,SalesOrderHeadersV3,2026-07-01,yes,yes,no,both_in_period_other_cause,yes,7025,Invoiced
live_only,ORD00867016,2.0,DSG248WH04,2026-07-01,2026-07-01,SalesOrderHeadersV3,2026-07-01,yes,yes,no,both_in_period_other_cause,yes,7025,Invoiced
live_only,ORD00867017,1.0,TQPN84MS06,2026-07-01,2026-07-01,SalesOrderHeadersV3,2026-07-01,yes,yes,no,both_in_period_other_cause,yes,9022,Invoiced
live_only,ORD00867018,1.0,PAPN84NY12,2026-07-01,2026-07-01,SalesOrderHeadersV3,2026-07-01,yes,yes,no,both_in_period_other_cause,yes,9022,Invoiced
live_only,ORD00867019,1.0,CAPRI3P410,2026-07-01,2026-07-01,SalesOrderHeadersV3,2026-07-01,yes,yes,no,both_in_period_other_cause,yes,7125,Invoiced
live_only,ORD00867020,1.0,MSG2297WH6,2026-07-01,2026-07-01,SalesOrderHeadersV3,2026-07-01,yes,yes,no,both_in_period_other_cause,yes,9206,Invoiced
live_only,ORD00867021,1.0,LUG229MH04,2026-07-01,2026-07-01,SalesOrderHeadersV3,2026-07-01,yes,yes,no,both_in_period_other_cause,yes,9206,Invoiced
live_only,ORD00867022,1.0,MSG226GY06,2026-07-01,2026-07-01,SalesOrderHeadersV3,2026-07-01,yes,yes,no,both_in_period_other_cause,yes,9303,Invoiced
live_only,ORD00867023,1.0,MSG2584BK4,2026-07-01,2026-07-01,SalesOrderHeadersV3,2026-07-01,yes,yes,no,both_in_period_other_cause,yes,9303,Invoiced
live_only,ORD00867024,1.0,MSG243AL04,2026-07-01,2026-07-01,SalesOrderHeadersV3,2026-07-01,yes,yes,no,both_in_period_other_cause,yes,9303,Invoiced
live_only,ORD00867025,1.0,260-0-PK24,2026-07-01,2026-07-01,SalesOrderHeadersV3,2026-07-01,yes,yes,no,both_in_period_other_cause,yes,9303,Invoiced
live_only,ORD00867026,1.0,MSG2274BK6,2026-07-01,2026-07-01,SalesOrderHeadersV3,2026-07-01,yes,yes,no,both_in_period_other_cause,yes,7025,Invoiced
live_only,ORD00867026,2.0,MSG2314BK6,2026-07-01,2026-07-01,SalesOrderHeadersV3,2026-07-01,yes,yes,no,both_in_period_other_cause,yes,7025,Invoiced
live_only,ORD00867027,1.0,MSG234WH06,2026-07-01,2026-07-01,SalesOrderHeadersV3,2026-07-01,yes,yes,no,both_in_period_other_cause,yes,9303,Invoiced
live_only,ORD00867028,1.0,BCVL14BU12,2026-07-01,2026-07-01,SalesOrderHeadersV3,2026-07-01,yes,yes,no,both_in_period_other_cause,yes,7025,Invoiced
live_only,ORD00867028,2.0,BCTU63BU12,2026-07-01,2026-07-01,SalesOrderHeadersV3,2026-07-01,yes,yes,no,both_in_period_other_cause,yes,7025,Invoiced
live_only,ORD00867029,1.0,MSG226WH06,2026-07-01,2026-07-01,SalesOrderHeadersV3,2026-07-01,yes,yes,no,both_in_period_other_cause,yes,9303,Invoiced
live_only,ORD00867030,1.0,FTVWD23120,2026-07-01,2026-07-01,SalesOrderHeadersV3,2026-07-01,yes,yes,no,both_in_period_other_cause,yes,7125,Invoiced
live_only,ORD00867030,2.0,FTVWD23120,2026-07-01,2026-07-01,SalesOrderHeadersV3,2026-07-01,yes,yes,no,both_in_period_other_cause,yes,7125,Invoiced
live_only,ORD00867030,3.0,FTVWD23120,2026-07-01,2026-07-01,SalesOrderHeadersV3,2026-07-01,yes,yes,no,both_in_period_other_cause,yes,7125,Invoiced
live_only,ORD00867030,4.0,FTVWD23120,2026-07-01,2026-07-01,SalesOrderHeadersV3,2026-07-01,yes,yes,no,both_in_period_other_cause,yes,7125,Invoiced
live_only,ORD00867030,5.0,FTVWD23120,2026-07-01,2026-07-01,SalesOrderHeadersV3,2026-07-01,yes,yes,no,both_in_period_other_cause,yes,7125,Invoiced
live_only,ORD00867030,6.0,FTVWD23120,2026-07-01,2026-07-01,SalesOrderHeadersV3,2026-07-01,yes,yes,no,both_in_period_other_cause,yes,7125,Invoiced
live_only,ORD00867030,7.0,FTVWD23120,2026-07-01,2026-07-01,SalesOrderHeadersV3,2026-07-01,yes,yes,no,both_in_period_other_cause,yes,7125,Invoiced
live_only,ORD00867030,8.0,FTVWD23120,2026-07-01,2026-07-01,SalesOrderHeadersV3,2026-07-01,yes,yes,no,both_in_period_other_cause,yes,7125,Invoiced
live_only,ORD00867031,1.0,MSG228BK06,2026-07-01,2026-07-01,SalesOrderHeadersV3,2026-07-01,yes,yes,no,both_in_period_other_cause,yes,9303,Invoiced
live_only,ORD00867032,1.0,DSG231MH06,2026-07-01,2026-07-01,SalesOrderHeadersV3,2026-07-01,yes,yes,no,both_in_period_other_cause,yes,7125,Invoiced
live_only,ORD00867033,1.0,RTFTV60820,2026-07-01,2026-07-01,SalesOrderHeadersV3,2026-07-01,yes,yes,no,both_in_period_other_cause,yes,7125,Invoiced
live_only,ORD00867034,1.0,RDCFMGD664,2026-07-01,2026-07-01,SalesOrderHeadersV3,2026-07-01,yes,yes,no,both_in_period_other_cause,yes,8015,Invoiced
live_only,ORD00867035,1.0,CITV24TS12,2026-07-01,2026-07-01,SalesOrderHeadersV3,2026-07-01,yes,yes,no,both_in_period_other_cause,yes,1412,Invoiced
live_only,ORD00867036,1.0,OMSF144BL6,2026-07-01,2026-07-01,SalesOrderHeadersV3,2026-07-01,yes,yes,no,both_in_period_other_cause,yes,1412,Invoiced
live_only,ORD00867037,1.0,COM1830VN6,2026-07-01,2026-07-01,SalesOrderHeadersV3,2026-07-01,yes,yes,no,both_in_period_other_cause,yes,1412,Invoiced
live_only,ORD00867038,1.0,LUG232WH04,2026-07-01,2026-07-01,SalesOrderHeadersV3,2026-07-01,yes,yes,no,both_in_period_other_cause,yes,9206,Invoiced
live_only,ORD00867039,1.0,MSG226WH06,2026-07-01,2026-07-01,SalesOrderHeadersV3,2026-07-01,yes,yes,no,both_in_period_other_cause,yes,9303,Invoiced
live_only,ORD00867040,1.0,MSG234WH06,2026-07-01,2026-07-01,SalesOrderHeadersV3,2026-07-01,yes,yes,no,both_in_period_other_cause,yes,9303,Invoiced
live_only,ORD00867041,1.0,MSG226WH06,2026-07-01,2026-07-01,SalesOrderHeadersV3,2026-07-01,yes,yes,no,both_in_period_other_cause,yes,9303,Invoiced
live_only,ORD00867042,1.0,260-0-PK24,2026-07-01,2026-07-01,SalesOrderHeadersV3,2026-07-01,yes,yes,no,both_in_period_other_cause,yes,9303,Invoiced
live_only,ORD00867043,1.0,MSG232WH06,2026-07-01,2026-07-01,SalesOrderHeadersV3,2026-07-01,yes,yes,no,both_in_period_other_cause,yes,9303,Invoiced
live_only,ORD00867044,1.0,MSG226WH06,2026-07-01,2026-07-01,SalesOrderHeadersV3,2026-07-01,yes,yes,no,both_in_period_other_cause,yes,9303,Invoiced
live_only,ORD00867045,1.0,MSG226WH06,2026-07-01,2026-07-01,SalesOrderHeadersV3,2026-07-01,yes,yes,no,both_in_period_other_cause,yes,9303,Invoiced
live_only,ORD00867046,1.0,MSG252WH04,2026-07-01,2026-07-01,SalesOrderHeadersV3,2026-07-01,yes,yes,no,both_in_period_other_cause,yes,9303,Invoiced
live_only,ORD00867047,1.0,MSG226WH06,2026-07-01,2026-07-01,SalesOrderHeadersV3,2026-07-01,yes,yes,no,both_in_period_other_cause,yes,9303,Invoiced
live_only,ORD00867048,1.0,MSG226WH06,2026-07-01,2026-07-01,SalesOrderHeadersV3,2026-07-01,yes,yes,no,both_in_period_other_cause,yes,9303,Invoiced
live_only,ORD00867049,1.0,STT1M23145,2026-07-01,2026-07-01,SalesOrderHeadersV3,2026-07-01,yes,yes,no,both_in_period_other_cause,yes,7025,Invoiced
live_only,ORD00867050,1.0,MSG2237WH6,2026-07-01,2026-07-01,SalesOrderHeadersV3,2026-07-01,yes,yes,no,both_in_period_other_cause,yes,7125,Invoiced
live_only,ORD00867050,2.0,MSG2237WH6,2026-07-01,2026-07-01,SalesOrderHeadersV3,2026-07-01,yes,yes,no,both_in_period_other_cause,yes,7125,Invoiced
live_only,ORD00867051,1.0,TRL376WH12,2026-07-01,2026-07-01,SalesOrderHeadersV3,2026-07-01,yes,yes,no,both_in_period_other_cause,yes,7125,Invoiced
live_only,ORD00867051,2.0,TRL376WH12,2026-07-01,2026-07-01,SalesOrderHeadersV3,2026-07-01,yes,yes,no,both_in_period_other_cause,yes,7125,Invoiced
live_only,ORD00867052,1.0,MSG226WH06,2026-07-01,2026-07-01,SalesOrderHeadersV3,2026-07-01,yes,yes,no,both_in_period_other_cause,yes,9303,Invoiced
live_only,ORD00867053,1.0,MSG226WH06,2026-07-01,2026-07-01,SalesOrderHeadersV3,2026-07-01,yes,yes,no,both_in_period_other_cause,yes,9303,Invoiced
live_only,ORD00867053,2.0,MSG234WH06,2026-07-01,2026-07-01,SalesOrderHeadersV3,2026-07-01,yes,yes,no,both_in_period_other_cause,yes,9303,Invoiced
live_only,ORD00867054,1.0,MSG227GY06,2026-07-01,2026-07-01,SalesOrderHeadersV3,2026-07-01,yes,yes,no,both_in_period_other_cause,yes,9303,Invoiced
live_only,ORD00867055,1.0,MSG238WH04,2026-07-01,2026-07-01,SalesOrderHeadersV3,2026-07-01,yes,yes,no,both_in_period_other_cause,yes,9303,Invoiced
live_only,ORD00867056,1.0,MSG226WH06,2026-07-01,2026-07-01,SalesOrderHeadersV3,2026-07-01,yes,yes,no,both_in_period_other_cause,yes,9303,Invoiced
live_only,ORD00867057,1.0,MSG234WH06,2026-07-01,2026-07-01,SalesOrderHeadersV3,2026-07-01,yes,yes,no,both_in_period_other_cause,yes,9303,Invoiced
live_only,ORD00867058,1.0,MSG238WH04,2026-07-01,2026-07-01,SalesOrderHeadersV3,2026-07-01,yes,yes,no,both_in_period_other_cause,yes,9303,Invoiced
live_only,ORD00867059,1.0,MSG2357WD6,2026-07-01,2026-07-01,SalesOrderHeadersV3,2026-07-01,yes,yes,no,both_in_period_other_cause,yes,9303,Invoiced
live_only,ORD00867060,1.0,MSG2337AL6,2026-07-01,2026-07-01,SalesOrderHeadersV3,2026-07-01,yes,yes,no,both_in_period_other_cause,yes,9303,Invoiced
live_only,ORD00867061,1.0,MSG228BK06,2026-07-01,2026-07-01,SalesOrderHeadersV3,2026-07-01,yes,yes,no,both_in_period_other_cause,yes,9303,Invoiced
live_only,ORD00867062,1.0,MSG235BK06,2026-07-01,2026-07-01,SalesOrderHeadersV3,2026-07-01,yes,yes,no,both_in_period_other_cause,yes,9303,Invoiced
live_only,ORD00867063,1.0,MSG2452WH4,2026-07-01,2026-07-01,SalesOrderHeadersV3,2026-07-01,yes,yes,no,both_in_period_other_cause,yes,7025,Invoiced
live_only,ORD00867064,1.0,MSG2704WH4,2026-07-01,2026-07-01,SalesOrderHeadersV3,2026-07-01,yes,yes,no,both_in_period_other_cause,yes,7025,Invoiced
live_only,ORD00867064,2.0,MSG2247WH6,2026-07-01,2026-07-01,SalesOrderHeadersV3,2026-07-01,yes,yes,no,both_in_period_other_cause,yes,7025,Invoiced
live_only,ORD00867065,1.0,MSG2584BK4,2026-07-01,2026-07-01,SalesOrderHeadersV3,2026-07-01,yes,yes,no,both_in_period_other_cause,yes,7025,Invoiced
live_only,ORD00867066,1.0,MSG2274WH6,2026-07-01,2026-07-01,SalesOrderHeadersV3,2026-07-01,yes,yes,no,both_in_period_other_cause,yes,7125,Invoiced
live_only,ORD00867067,1.0,MSG234WH06,2026-07-01,2026-07-01,SalesOrderHeadersV3,2026-07-01,yes,yes,no,both_in_period_other_cause,yes,9303,Invoiced
live_only,ORD00867068,1.0,MSG252WH04,2026-07-01,2026-07-01,SalesOrderHeadersV3,2026-07-01,yes,yes,no,both_in_period_other_cause,yes,9303,Invoiced
live_only,ORD00867069,1.0,MSG238WH04,2026-07-01,2026-07-01,SalesOrderHeadersV3,2026-07-01,yes,yes,no,both_in_period_other_cause,yes,9303,Invoiced
live_only,ORD00867070,1.0,STT1M10320,2026-07-01,2026-07-01,SalesOrderHeadersV3,2026-07-01,yes,yes,no,both_in_period_other_cause,yes,7025,Invoiced
live_only,ORD00867071,1.0,VRCO36CS06,2026-07-01,2026-07-01,SalesOrderHeadersV3,2026-07-01,yes,yes,no,both_in_period_other_cause,yes,7025,Invoiced
live_only,ORD00867072,1.0,MSG2327AL6,2026-07-01,2026-07-01,SalesOrderHeadersV3,2026-07-01,yes,yes,no,both_in_period_other_cause,yes,7125,Invoiced
live_only,ORD00867073,1.0,MSG238WH04,2026-07-01,2026-07-01,SalesOrderHeadersV3,2026-07-01,yes,yes,no,both_in_period_other_cause,yes,7125,Invoiced
live_only,ORD00867073,2.0,MSG238WH04,2026-07-01,2026-07-01,SalesOrderHeadersV3,2026-07-01,yes,yes,no,both_in_period_other_cause,yes,7125,Invoiced
live_only,ORD00867073,3.0,MSG238WH04,2026-07-01,2026-07-01,SalesOrderHeadersV3,2026-07-01,yes,yes,no,both_in_period_other_cause,yes,7125,Invoiced
live_only,ORD00867073,4.0,MSG238WH04,2026-07-01,2026-07-01,SalesOrderHeadersV3,2026-07-01,yes,yes,no,both_in_period_other_cause,yes,7125,Invoiced
live_only,ORD00867074,1.0,MSG246AL04,2026-07-01,2026-07-01,SalesOrderHeadersV3,2026-07-01,yes,yes,no,both_in_period_other_cause,yes,9303,Invoiced
live_only,ORD00867075,1.0,ANFTMBNY12,2026-07-01,2026-07-01,SalesOrderHeadersV3,2026-07-01,yes,yes,no,both_in_period_other_cause,yes,9303,Invoiced
live_only,ORD00867076,1.0,MSG239BK04,2026-07-01,2026-07-01,SalesOrderHeadersV3,2026-07-01,yes,yes,no,both_in_period_other_cause,yes,9303,Invoiced
live_only,ORD00867077,1.0,MSG232WH06,2026-07-01,2026-07-01,SalesOrderHeadersV3,2026-07-01,yes,yes,no,both_in_period_other_cause,yes,9303,Invoiced
live_only,ORD00867078,1.0,MSG232WH06,2026-07-01,2026-07-01,SalesOrderHeadersV3,2026-07-01,yes,yes,no,both_in_period_other_cause,yes,9303,Invoiced
live_only,ORD00867079,1.0,MSG242WH04,2026-07-01,2026-07-01,SalesOrderHeadersV3,2026-07-01,yes,yes,no,both_in_period_other_cause,yes,9303,Invoiced
live_only,ORD00867080,1.0,MSG238WH04,2026-07-01,2026-07-01,SalesOrderHeadersV3,2026-07-01,yes,yes,no,both_in_period_other_cause,yes,9303,Invoiced
live_only,ORD00867081,1.0,MSG232WH06,2026-07-01,2026-07-01,SalesOrderHeadersV3,2026-07-01,yes,yes,no,both_in_period_other_cause,yes,9303,Invoiced
live_only,ORD00867081,2.0,MSG2467WH4,2026-07-01,2026-07-01,SalesOrderHeadersV3,2026-07-01,yes,yes,no,both_in_period_other_cause,yes,9303,Invoiced
live_only,ORD00867082,1.0,HPTL36SN12,2026-07-01,2026-07-01,SalesOrderHeadersV3,2026-07-01,yes,yes,no,both_in_period_other_cause,yes,9022,Invoiced
live_only,ORD00867083,1.0,225-0-PK24,2026-07-01,2026-07-01,SalesOrderHeadersV3,2026-07-01,yes,yes,no,both_in_period_other_cause,yes,7125,Invoiced
live_only,ORD00867084,1.0,SOCO48WH06,2026-07-01,2026-07-01,SalesOrderHeadersV3,2026-07-01,yes,yes,no,both_in_period_other_cause,yes,7125,Invoiced
live_only,ORD00867085,1.0,MSG225BK06,2026-07-01,2026-07-01,SalesOrderHeadersV3,2026-07-01,yes,yes,no,both_in_period_other_cause,yes,7125,Invoiced
live_only,ORD00867085,2.0,MSG225BK06,2026-07-01,2026-07-01,SalesOrderHeadersV3,2026-07-01,yes,yes,no,both_in_period_other_cause,yes,7125,Invoiced
live_only,ORD00867086,1.0,WIPN84WH06,2026-07-01,2026-07-01,SalesOrderHeadersV3,2026-07-01,yes,yes,no,both_in_period_other_cause,yes,8015,Invoiced
live_only,ORD00867087,1.0,DRVL14NW12,2026-07-01,2026-07-01,SalesOrderHeadersV3,2026-07-01,yes,yes,no,both_in_period_other_cause,yes,8015,Invoiced
live_only,ORD00867088,1.0,WRM1830DA6,2026-07-01,2026-07-01,SalesOrderHeadersV3,2026-07-01,yes,yes,no,both_in_period_other_cause,yes,1412,Invoiced
live_only,ORD00867089,1.0,TYPN63TN06,2026-07-01,2026-07-01,SalesOrderHeadersV3,2026-07-01,yes,yes,no,both_in_period_other_cause,yes,1412,Invoiced
live_only,ORD00867090,1.0,COM1830DS6,2026-07-01,2026-07-01,SalesOrderHeadersV3,2026-07-01,yes,yes,no,both_in_period_other_cause,yes,1412,Invoiced
live_only,ORD00867091,1.0,LLTV24CC12,2026-07-01,2026-07-01,SalesOrderHeadersV3,2026-07-01,yes,yes,no,both_in_period_other_cause,yes,1412,Invoiced
live_only,ORD00867092,1.0,COM1830SR6,2026-07-01,2026-07-01,SalesOrderHeadersV3,2026-07-01,yes,yes,no,both_in_period_other_cause,yes,1412,Invoiced
live_only,ORD00867093,1.0,WRM1830IW6,2026-07-01,2026-07-01,SalesOrderHeadersV3,2026-07-01,yes,yes,no,both_in_period_other_cause,yes,1412,Invoiced
live_only,ORD00867094,1.0,WRM1830DA6,2026-07-01,2026-07-01,SalesOrderHeadersV3,2026-07-01,yes,yes,no,both_in_period_other_cause,yes,1412,Invoiced
live_only,ORD00867095,1.0,WRM1830TU6,2026-07-01,2026-07-01,SalesOrderHeadersV3,2026-07-01,yes,yes,no,both_in_period_other_cause,yes,1412,Invoiced
live_only,ORD00867096,1.0,MSG247AL04,2026-07-01,2026-07-01,SalesOrderHeadersV3,2026-07-01,yes,yes,no,both_in_period_other_cause,yes,9303,Invoiced
live_only,ORD00867097,1.0,DSG234BK06,2026-07-01,2026-07-01,SalesOrderHeadersV3,2026-07-01,yes,yes,no,both_in_period_other_cause,yes,9303,Invoiced
live_only,ORD00867098,1.0,MSG232WH06,2026-07-01,2026-07-01,SalesOrderHeadersV3,2026-07-01,yes,yes,no,both_in_period_other_cause,yes,9303,Invoiced
live_only,ORD00867099,1.0,MSG232WH06,2026-07-01,2026-07-01,SalesOrderHeadersV3,2026-07-01,yes,yes,no,both_in_period_other_cause,yes,9303,Invoiced
live_only,ORD00867100,1.0,DSG223BK06,2026-07-01,2026-07-01,SalesOrderHeadersV3,2026-07-01,yes,yes,no,both_in_period_other_cause,yes,7025,Invoiced
live_only,ORD00867101,1.0,TRS376WH12,2026-07-01,2026-07-01,SalesOrderHeadersV3,2026-07-01,yes,yes,no,both_in_period_other_cause,yes,7025,Invoiced
live_only,ORD00867102,1.0,MSG222WH06,2026-07-01,2026-07-01,SalesOrderHeadersV3,2026-07-01,yes,yes,no,both_in_period_other_cause,yes,7025,Invoiced
live_only,ORD00867102,2.0,MSG232WH06,2026-07-01,2026-07-01,SalesOrderHeadersV3,2026-07-01,yes,yes,no,both_in_period_other_cause,yes,7025,Invoiced
live_only,ORD00867102,3.0,MSG231WH06,2026-07-01,2026-07-01,SalesOrderHeadersV3,2026-07-01,yes,yes,no,both_in_period_other_cause,yes,7025,Invoiced
live_only,ORD00867103,1.0,MSG227WH06,2026-07-01,2026-07-01,SalesOrderHeadersV3,2026-07-01,yes,yes,no,both_in_period_other_cause,yes,7025,Invoiced
live_only,ORD00867104,1.0,PLZFT80520,2026-07-01,2026-07-01,SalesOrderHeadersV3,2026-07-01,yes,yes,no,both_in_period_other_cause,yes,7025,Invoiced
live_only,ORD00867105,1.0,MSG2344WH6,2026-07-01,2026-07-01,SalesOrderHeadersV3,2026-07-01,yes,yes,no,both_in_period_other_cause,yes,9206,Invoiced
live_only,ORD00867106,1.0,MSG246AL04,2026-07-01,2026-07-01,SalesOrderHeadersV3,2026-07-01,yes,yes,no,both_in_period_other_cause,yes,9303,Invoiced
live_only,ORD00867107,1.0,260-0-PK24,2026-07-01,2026-07-01,SalesOrderHeadersV3,2026-07-01,yes,yes,no,both_in_period_other_cause,yes,9303,Invoiced
live_only,ORD00867108,1.0,MSG242AL04,2026-07-01,2026-07-01,SalesOrderHeadersV3,2026-07-01,yes,yes,no,both_in_period_other_cause,yes,9303,Invoiced
live_only,ORD00867109,1.0,MSG232WH06,2026-07-01,2026-07-01,SalesOrderHeadersV3,2026-07-01,yes,yes,no,both_in_period_other_cause,yes,9303,Invoiced
live_only,ORD00867110,1.0,VFP2.0RW10,2026-07-01,2026-07-01,SalesOrderHeadersV3,2026-07-01,yes,yes,no,both_in_period_other_cause,yes,9206,Invoiced
live_only,ORD00867111,1.0,MSG232WH06,2026-07-01,2026-07-01,SalesOrderHeadersV3,2026-07-01,yes,yes,no,both_in_period_other_cause,yes,9303,Invoiced
live_only,ORD00867112,1.0,MSG247WH04,2026-07-01,2026-07-01,SalesOrderHeadersV3,2026-07-01,yes,yes,no,both_in_period_other_cause,yes,9303,Invoiced
live_only,ORD00867113,1.0,MSG232WH06,2026-07-01,2026-07-01,SalesOrderHeadersV3,2026-07-01,yes,yes,no,both_in_period_other_cause,yes,9303,Invoiced
live_only,ORD00867114,1.0,MSG234WH06,2026-07-01,2026-07-01,SalesOrderHeadersV3,2026-07-01,yes,yes,no,both_in_period_other_cause,yes,9303,Invoiced
live_only,ORD00867115,1.0,MSG234WH06,2026-07-01,2026-07-01,SalesOrderHeadersV3,2026-07-01,yes,yes,no,both_in_period_other_cause,yes,9303,Invoiced
live_only,ORD00867116,1.0,MSG238WH04,2026-07-01,2026-07-01,SalesOrderHeadersV3,2026-07-01,yes,yes,no,both_in_period_other_cause,yes,9303,Invoiced
live_only,ORD00867117,1.0,MSG2584WH4,2026-07-01,2026-07-01,SalesOrderHeadersV3,2026-07-01,yes,yes,no,both_in_period_other_cause,yes,9091,Invoiced
live_only,ORD00867118,1.0,DSG233WH06,2026-07-01,2026-07-01,SalesOrderHeadersV3,2026-07-01,yes,yes,no,both_in_period_other_cause,yes,7025,Invoiced
live_only,ORD00867119,1.0,MJCS36ML12,2026-07-01,2026-07-01,SalesOrderHeadersV3,2026-07-01,yes,yes,no,both_in_period_other_cause,yes,9022,Invoiced
live_only,ORD00867120,1.0,STP2.0BW10,2026-07-01,2026-07-01,SalesOrderHeadersV3,2026-07-01,yes,yes,no,both_in_period_other_cause,yes,7025,Invoiced
live_only,ORD00867121,1.0,MSG243WH04,2026-07-01,2026-07-01,SalesOrderHeadersV3,2026-07-01,yes,yes,no,both_in_period_other_cause,yes,7025,Invoiced
live_only,ORD00867122,1.0,MSG235WD06,2026-07-01,2026-07-01,SalesOrderHeadersV3,2026-07-01,yes,yes,no,both_in_period_other_cause,yes,7025,Invoiced
live_only,ORD00867123,1.0,FTVMA45745,2026-07-01,2026-07-01,SalesOrderHeadersV3,2026-07-01,yes,yes,no,both_in_period_other_cause,yes,8015,Invoiced
live_only,ORD00867124,1.0,MSG234WH06,2026-07-01,2026-07-01,SalesOrderHeadersV3,2026-07-01,yes,yes,no,both_in_period_other_cause,yes,9303,Invoiced
live_only,ORD00867125,1.0,MSG234WH06,2026-07-01,2026-07-01,SalesOrderHeadersV3,2026-07-01,yes,yes,no,both_in_period_other_cause,yes,9303,Invoiced
live_only,ORD00867126,1.0,MSG232WH06,2026-07-01,2026-07-01,SalesOrderHeadersV3,2026-07-01,yes,yes,no,both_in_period_other_cause,yes,9303,Invoiced
live_only,ORD00867127,1.0,MSG238WH04,2026-07-01,2026-07-01,SalesOrderHeadersV3,2026-07-01,yes,yes,no,both_in_period_other_cause,yes,9303,Invoiced
live_only,ORD00867128,1.0,MSG246AL04,2026-07-01,2026-07-01,SalesOrderHeadersV3,2026-07-01,yes,yes,no,both_in_period_other_cause,yes,9303,Invoiced
live_only,ORD00867129,1.0,HVVL14BL12,2026-07-01,2026-07-01,SalesOrderHeadersV3,2026-07-01,yes,yes,no,both_in_period_other_cause,yes,9022,Invoiced
live_only,ORD00867130,1.0,STT1M40220,2026-07-01,2026-07-01,SalesOrderHeadersV3,2026-07-01,yes,yes,no,both_in_period_other_cause,yes,8015,Invoiced
live_only,ORD00867130,2.0,FTVMA45045,2026-07-01,2026-07-01,SalesOrderHeadersV3,2026-07-01,yes,yes,no,both_in_period_other_cause,yes,8015,Invoiced
live_only,ORD00867130,3.0,FTVSO10220,2026-07-01,2026-07-01,SalesOrderHeadersV3,2026-07-01,yes,yes,no,both_in_period_other_cause,yes,8015,Invoiced
live_only,ORD00867131,1.0,FTVMA46120,2026-07-01,2026-07-01,SalesOrderHeadersV3,2026-07-01,yes,yes,no,both_in_period_other_cause,yes,9206,Invoiced
live_only,ORD00867132,1.0,STT1M45045,2026-07-01,2026-07-01,SalesOrderHeadersV3,2026-07-01,yes,yes,no,both_in_period_other_cause,yes,9206,Invoiced
live_only,ORD00867133,1.0,INOBRNNK04,2026-07-01,2026-07-01,SalesOrderHeadersV3,2026-07-01,yes,yes,no,both_in_period_other_cause,yes,7025,Invoiced
live_only,ORD00867134,1.0,BCCHPDSG14,2026-07-01,2026-07-01,SalesOrderHeadersV3,2026-07-01,yes,yes,no,both_in_period_other_cause,yes,7025,Invoiced
live_only,ORD00867135,1.0,FTVMA40220,2026-07-01,2026-07-01,SalesOrderHeadersV3,2026-07-01,yes,yes,no,both_in_period_other_cause,yes,7025,Invoiced
live_only,ORD00867136,1.0,COM1830SR6,2026-07-01,2026-07-01,SalesOrderHeadersV3,2026-07-01,yes,yes,no,both_in_period_other_cause,yes,1412,Invoiced
live_only,ORD00867136,2.0,COM1830HQ6,2026-07-01,2026-07-01,SalesOrderHeadersV3,2026-07-01,yes,yes,no,both_in_period_other_cause,yes,1412,Invoiced
live_only,ORD00867137,1.0,ANFTMGAR12,2026-07-01,2026-07-01,SalesOrderHeadersV3,2026-07-01,yes,yes,no,both_in_period_other_cause,yes,1412,Invoiced
live_only,ORD00867138,1.0,DRTV24TW12,2026-07-01,2026-07-01,SalesOrderHeadersV3,2026-07-01,yes,yes,no,both_in_period_other_cause,yes,1412,Invoiced
live_only,ORD00867138,2.0,DRTV36GC12,2026-07-01,2026-07-01,SalesOrderHeadersV3,2026-07-01,yes,yes,no,both_in_period_other_cause,yes,1412,Invoiced
live_only,ORD00867139,1.0,RM1830CP12,2026-07-01,2026-07-01,SalesOrderHeadersV3,2026-07-01,yes,yes,no,both_in_period_other_cause,yes,1412,Invoiced
live_only,ORD00867140,1.0,210-0-PK24,2026-07-01,2026-07-01,SalesOrderHeadersV3,2026-07-01,yes,yes,no,both_in_period_other_cause,yes,1412,Invoiced
live_only,ORD00867141,1.0,WRM1830IW6,2026-07-01,2026-07-01,SalesOrderHeadersV3,2026-07-01,yes,yes,no,both_in_period_other_cause,yes,1412,Invoiced
live_only,ORD00867142,1.0,SOCO48WD06,2026-07-01,2026-07-01,SalesOrderHeadersV3,2026-07-01,yes,yes,no,both_in_period_other_cause,yes,9206,Invoiced
live_only,ORD00867143,1.0,MSG226GY06,2026-07-01,2026-07-01,SalesOrderHeadersV3,2026-07-01,yes,yes,no,both_in_period_other_cause,yes,9303,Invoiced
live_only,ORD00867144,1.0,DSG239BK04,2026-07-01,2026-07-01,SalesOrderHeadersV3,2026-07-01,yes,yes,no,both_in_period_other_cause,yes,9303,Invoiced
live_only,ORD00867145,1.0,MSG236WD06,2026-07-01,2026-07-01,SalesOrderHeadersV3,2026-07-01,yes,yes,no,both_in_period_other_cause,yes,9303,Invoiced
live_only,ORD00867146,1.0,MSG252WH04,2026-07-01,2026-07-01,SalesOrderHeadersV3,2026-07-01,yes,yes,no,both_in_period_other_cause,yes,9303,Invoiced
live_only,ORD00867147,1.0,DSG234WH06,2026-07-01,2026-07-01,SalesOrderHeadersV3,2026-07-01,yes,yes,no,both_in_period_other_cause,yes,9303,Invoiced
live_only,ORD00867148,1.0,MSG245WH04,2026-07-01,2026-07-01,SalesOrderHeadersV3,2026-07-01,yes,yes,no,both_in_period_other_cause,yes,7025,Invoiced
live_only,ORD00867149,1.0,MSG229BK06,2026-07-01,2026-07-01,SalesOrderHeadersV3,2026-07-01,yes,yes,no,both_in_period_other_cause,yes,7125,Invoiced
live_only,ORD00867150,1.0,420-0-PK12,2026-07-01,2026-07-01,SalesOrderHeadersV3,2026-07-01,yes,yes,no,both_in_period_other_cause,yes,7125,Invoiced
live_only,ORD00867150,2.0,415-0-PK12,2026-07-01,2026-07-01,SalesOrderHeadersV3,2026-07-01,yes,yes,no,both_in_period_other_cause,yes,7125,Invoiced
live_only,ORD00867150,3.0,415-0-PK12,2026-07-01,2026-07-01,SalesOrderHeadersV3,2026-07-01,yes,yes,no,both_in_period_other_cause,yes,7125,Invoiced
live_only,ORD00867151,1.0,TRL376WH12,2026-07-01,2026-07-01,SalesOrderHeadersV3,2026-07-01,yes,yes,no,both_in_period_other_cause,yes,7125,Invoiced
live_only,ORD00867151,2.0,TRL376WH12,2026-07-01,2026-07-01,SalesOrderHeadersV3,2026-07-01,yes,yes,no,both_in_period_other_cause,yes,7125,Invoiced
live_only,ORD00867151,3.0,TRL376WH12,2026-07-01,2026-07-01,SalesOrderHeadersV3,2026-07-01,yes,yes,no,both_in_period_other_cause,yes,7125,Invoiced
live_only,ORD00867152,1.0,MSG242WH04,2026-07-01,2026-07-01,SalesOrderHeadersV3,2026-07-01,yes,yes,no,both_in_period_other_cause,yes,9303,Invoiced
live_only,ORD00867153,1.0,MSG2297AL6,2026-07-01,2026-07-01,SalesOrderHeadersV3,2026-07-01,yes,yes,no,both_in_period_other_cause,yes,9303,Invoiced
live_only,ORD00867154,1.0,MSG258WH04,2026-07-01,2026-07-01,SalesOrderHeadersV3,2026-07-01,yes,yes,no,both_in_period_other_cause,yes,9303,Invoiced
live_only,ORD00867155,1.0,MSG2237AL6,2026-07-01,2026-07-01,SalesOrderHeadersV3,2026-07-01,yes,yes,no,both_in_period_other_cause,yes,9303,Invoiced
live_only,ORD00867156,1.0,MSG258WH04,2026-07-01,2026-07-01,SalesOrderHeadersV3,2026-07-01,yes,yes,no,both_in_period_other_cause,yes,9303,Invoiced
live_only,ORD00867157,1.0,MSG247WH04,2026-07-01,2026-07-01,SalesOrderHeadersV3,2026-07-01,yes,yes,no,both_in_period_other_cause,yes,9303,Invoiced
live_only,ORD00867158,1.0,MSG232WH06,2026-07-01,2026-07-01,SalesOrderHeadersV3,2026-07-01,yes,yes,no,both_in_period_other_cause,yes,9303,Invoiced
live_only,ORD00867159,1.0,RDMRGL2806,2026-07-01,2026-07-01,SalesOrderHeadersV3,2026-07-01,yes,yes,no,both_in_period_other_cause,yes,7025,Invoiced
live_only,ORD00867160,1.0,TRL376WH12,2026-07-01,2026-07-01,SalesOrderHeadersV3,2026-07-01,yes,yes,no,both_in_period_other_cause,yes,7025,Invoiced
live_only,ORD00867161,1.0,MSG232GY06,2026-07-01,2026-07-01,SalesOrderHeadersV3,2026-07-01,yes,yes,no,both_in_period_other_cause,yes,7025,Invoiced
live_only,ORD00867161,2.0,MSG236GY06,2026-07-01,2026-07-01,SalesOrderHeadersV3,2026-07-01,yes,yes,no,both_in_period_other_cause,yes,7025,Invoiced
live_only,ORD00867162,1.0,MSG223WD06,2026-07-01,2026-07-01,SalesOrderHeadersV3,2026-07-01,yes,yes,no,both_in_period_other_cause,yes,7025,Invoiced
live_only,ORD00867163,1.0,TOVYELBK04,2026-07-01,2026-07-01,SalesOrderHeadersV3,2026-07-01,yes,yes,no,both_in_period_other_cause,yes,7125,Invoiced
live_only,ORD00867164,1.0,WRM1830IW6,2026-07-01,2026-07-01,SalesOrderHeadersV3,2026-07-01,yes,yes,no,both_in_period_other_cause,yes,7125,Invoiced
live_only,ORD00867164,2.0,WRM1830IW6,2026-07-01,2026-07-01,SalesOrderHeadersV3,2026-07-01,yes,yes,no,both_in_period_other_cause,yes,7125,Invoiced
live_only,ORD00867164,3.0,WRM1830IW6,2026-07-01,2026-07-01,SalesOrderHeadersV3,2026-07-01,yes,yes,no,both_in_period_other_cause,yes,7125,Invoiced
live_only,ORD00867165,1.0,280-0-PK12,2026-07-01,2026-07-01,SalesOrderHeadersV3,2026-07-01,yes,yes,no,both_in_period_other_cause,yes,1412,Invoiced
live_only,ORD00867166,1.0,MFMTMANY24,2026-07-01,2026-07-01,SalesOrderHeadersV3,2026-07-01,yes,yes,no,both_in_period_other_cause,yes,1412,Invoiced
live_only,ORD00867167,1.0,LBTS36BL12,2026-07-01,2026-07-01,SalesOrderHeadersV3,2026-07-01,yes,yes,no,both_in_period_other_cause,yes,1412,Invoiced
live_only,ORD00867168,1.0,DMCS36ML12,2026-07-01,2026-07-01,SalesOrderHeadersV3,2026-07-01,yes,yes,no,both_in_period_other_cause,yes,1412,Invoiced
live_only,ORD00867168,2.0,BECS36GN12,2026-07-01,2026-07-01,SalesOrderHeadersV3,2026-07-01,yes,yes,no,both_in_period_other_cause,yes,1412,Invoiced
live_only,ORD00867169,1.0,WRM1830LT6,2026-07-01,2026-07-01,SalesOrderHeadersV3,2026-07-01,yes,yes,no,both_in_period_other_cause,yes,1412,Invoiced
live_only,ORD00867170,1.0,MFMTMABR24,2026-07-01,2026-07-01,SalesOrderHeadersV3,2026-07-01,yes,yes,no,both_in_period_other_cause,yes,1412,Invoiced
live_only,ORD00867171,1.0,HNVA14TN12,2026-07-01,2026-07-01,SalesOrderHeadersV3,2026-07-01,yes,yes,no,both_in_period_other_cause,yes,1412,Invoiced
live_only,ORD00867172,1.0,MSG234WH06,2026-07-01,2026-07-01,SalesOrderHeadersV3,2026-07-01,yes,yes,no,both_in_period_other_cause,yes,9303,Invoiced
live_only,ORD00867435,2.5,MSG2347WH6,2026-07-01,2026-07-01,SalesOrderHeadersV3,2026-07-01,yes,yes,no,both_in_period_other_cause,yes,5046,Invoiced
live_only,ORD00867484,37.5,MSG2287WH6,2026-07-01,2026-07-01,SalesOrderHeadersV3,2026-07-01,yes,yes,no,both_in_period_other_cause,yes,1977,Invoiced
live_only,ORD00868085,4.5,TQPN84GR06,2026-07-02,2026-07-02,SalesOrderHeadersV3,2026-07-02,yes,yes,no,both_in_period_other_cause,no,917,Open
live_only,ORD00868105,191.5,LATV36BK12,2026-07-02,2026-07-02,SalesOrderHeadersV3,2026-07-02,yes,yes,no,both_in_period_other_cause,no,5194,Cancelled
live_only,ORD00868105,84.5,MFG229WH02,2026-07-02,2026-07-02,SalesOrderHeadersV3,2026-07-02,yes,yes,no,both_in_period_other_cause,no,5194,Invoiced
live_only,ORD00870877,39.5,CHCHPDBK14,2026-07-06,2026-07-06,SalesOrderHeadersV3,2026-07-06,yes,yes,no,both_in_period_other_cause,no,00011616,Open
live_only,ORD00872151,10.5,MSG239WH04,2026-07-08,2026-07-08,SalesOrderHeadersV3,2026-07-08,yes,yes,no,both_in_period_other_cause,no,3241807,Invoiced
live_only,ORD00872151,10.75,MSG240WH04,2026-07-08,2026-07-08,SalesOrderHeadersV3,2026-07-08,yes,yes,no,both_in_period_other_cause,no,3241807,Invoiced
live_only,ORD00872151,10.875,MSG241WH04,2026-07-08,2026-07-08,SalesOrderHeadersV3,2026-07-08,yes,yes,no,both_in_period_other_cause,no,3241807,Invoiced
live_only,ORD00872151,10.9375,MSG242WH04,2026-07-08,2026-07-08,SalesOrderHeadersV3,2026-07-08,yes,yes,no,both_in_period_other_cause,no,3241807,Invoiced
live_only,ORD00872159,2.5,MSG223AL06,2026-07-08,2026-07-08,SalesOrderHeadersV3,2026-07-08,yes,yes,no,both_in_period_other_cause,no,3484083,Invoiced
live_only,ORD00872867,7.5,MSG227WH06,2026-07-09,2026-07-09,SalesOrderHeadersV3,2026-07-09,yes,yes,no,both_in_period_other_cause,no,6639,Invoiced
live_only,ORD00873585,16.5,LLTV24GY12,2026-07-10,2026-07-10,SalesOrderHeadersV3,2026-07-15,yes,yes,yes,both_in_period_other_cause,no,8023,Cancelled
live_only,ORD00873859,20.5,205-0-PK48,2026-07-10,2026-07-10,SalesOrderHeadersV3,2026-07-10,yes,yes,no,both_in_period_other_cause,no,38012,In Process
live_only,ORD00873859,25.5,COM1830ML6,2026-07-10,2026-07-10,SalesOrderHeadersV3,2026-07-10,yes,yes,no,both_in_period_other_cause,no,38012,In Process
live_only,ORD00875989,25.5,MSG2297AL6,2026-07-13,2026-07-13,SalesOrderHeadersV3,2026-07-13,yes,yes,no,both_in_period_other_cause,no,6639,Cancelled
live_only,ORD00877611,61.5,MSG243AL04,2026-07-15,2026-07-15,SalesOrderHeadersV3,2026-07-15,yes,yes,no,both_in_period_other_cause,no,1963,In Process
live_only,ORD00878278,1.5,MSG2247WH6,2026-07-16,2026-07-16,SalesOrderHeadersV3,2026-07-16,yes,yes,no,both_in_period_other_cause,no,6054,Invoiced
live_only,ORD00878278,1.75,MSG2267WH6,2026-07-16,2026-07-16,SalesOrderHeadersV3,2026-07-16,yes,yes,no,both_in_period_other_cause,no,6054,Cancelled
live_only,ORD00878278,1.875,MSG2277WH6,2026-07-16,2026-07-16,SalesOrderHeadersV3,2026-07-16,yes,yes,no,both_in_period_other_cause,no,6054,Invoiced
live_only,ORD00878278,1.9375,MSG2357WH6,2026-07-16,2026-07-16,SalesOrderHeadersV3,2026-07-16,yes,yes,no,both_in_period_other_cause,no,6054,Invoiced
live_only,ORD00878278,1.96875,MSG2367WH6,2026-07-16,2026-07-16,SalesOrderHeadersV3,2026-07-16,yes,yes,no,both_in_period_other_cause,no,6054,Invoiced
live_only,ORD00882399,1.5,MSG225WH06,2026-07-22,2026-07-22,SalesOrderHeadersV3,2026-07-22,yes,yes,no,both_in_period_other_cause,no,5507,Invoiced
live_only,ORD00882399,6.5,MSG227AL06,2026-07-22,2026-07-22,SalesOrderHeadersV3,2026-07-22,yes,yes,no,both_in_period_other_cause,no,5507,Invoiced
live_only,ORD00882399,8.5,MSG231AL06,2026-07-22,2026-07-22,SalesOrderHeadersV3,2026-07-22,yes,yes,no,both_in_period_other_cause,no,5507,Invoiced
live_only,ORD00882399,9.25,MSG229BK06,2026-07-22,2026-07-22,SalesOrderHeadersV3,2026-07-22,yes,yes,no,both_in_period_other_cause,no,5507,Invoiced
live_only,ORD00882399,9.625,MSG230BK06,2026-07-22,2026-07-22,SalesOrderHeadersV3,2026-07-22,yes,yes,no,both_in_period_other_cause,no,5507,Invoiced
live_only,ORD00882399,9.8125,MSG234BK06,2026-07-22,2026-07-22,SalesOrderHeadersV3,2026-07-22,yes,yes,no,both_in_period_other_cause,no,5507,Invoiced
live_only,ORD00883027,17.5,RDMCAR6606,2026-07-23,2026-07-23,SalesOrderHeadersV3,2026-07-23,yes,yes,no,both_in_period_other_cause,no,0123456789,Invoiced
live_only,ORD00883053,2.5,CHCHPDBU14,2026-07-23,2026-07-23,SalesOrderHeadersV3,2026-07-23,yes,yes,no,both_in_period_other_cause,no,846,Cancelled
live_only,ORD00885705,11.5,FTVGM33245,2026-07-27,2026-07-27,SalesOrderHeadersV3,2026-07-27,yes,yes,no,both_in_period_other_cause,no,1841,Cancelled
live_only,ORD00885705,11.75,FTVMA42545,2026-07-27,2026-07-27,SalesOrderHeadersV3,2026-07-27,yes,yes,no,both_in_period_other_cause,no,1841,Cancelled
live_only,ORD00885705,20.75,MSG234WH06,2026-07-27,2026-07-27,SalesOrderHeadersV3,2026-07-27,yes,yes,no,both_in_period_other_cause,no,1841,Invoiced
live_only,ORD00886151,26.5,MSG235BK06,2026-07-28,2026-07-28,SalesOrderHeadersV3,2026-07-28,yes,yes,no,both_in_period_other_cause,no,00011509,In Process
live_only,ORD00886151,26.75,MSG235AL06,2026-07-28,2026-07-28,SalesOrderHeadersV3,2026-07-28,yes,yes,no,both_in_period_other_cause,no,00011509,In Process
live_only,ORD00886151,41.5,TRL736WH06,2026-07-28,2026-07-28,SalesOrderHeadersV3,2026-07-28,yes,yes,no,both_in_period_other_cause,no,00011509,Cancelled
live_only,ORD00886156,5.5,TRL556WH12,2026-07-28,2026-07-28,SalesOrderHeadersV3,2026-07-28,yes,yes,no,both_in_period_other_cause,no,3447360,Invoiced
live_only,ORD00886254,23.5,MSG223GY06,2026-07-28,2026-07-28,SalesOrderHeadersV3,2026-07-28,yes,yes,no,both_in_period_other_cause,no,472,Invoiced
live_only,ORD00886254,36.5,AB75DTAC04,2026-07-28,2026-07-28,SalesOrderHeadersV3,2026-07-28,yes,yes,no,both_in_period_other_cause,no,472,Invoiced
live_only,ORD00886886,1.5,MSG2287WH6,2026-07-29,2026-07-29,SalesOrderHeadersV3,2026-07-29,yes,yes,no,both_in_period_other_cause,no,6646,Invoiced
live_only,ORD00886942,28.5,MIPN84TL06,2026-07-29,2026-07-29,SalesOrderHeadersV3,2026-07-30,yes,yes,yes,both_in_period_other_cause,no,5358,In Process
live_only,ORD00886942,28.75,MIPN84BH06,2026-07-29,2026-07-29,SalesOrderHeadersV3,2026-07-30,yes,yes,yes,both_in_period_other_cause,no,5358,In Process
live_only,ORD00886942,28.875,TQPN84MS06,2026-07-29,2026-07-29,SalesOrderHeadersV3,2026-07-30,yes,yes,yes,both_in_period_other_cause,no,5358,In Process
live_only,ORD00886942,28.9375,TQPN84GR06,2026-07-29,2026-07-29,SalesOrderHeadersV3,2026-07-30,yes,yes,yes,both_in_period_other_cause,no,5358,Cancelled
live_only,ORD00888117,34.5,MSG245WH04,2026-07-31,2026-07-31,SalesOrderHeadersV3,2026-07-31,yes,yes,no,both_in_period_other_cause,no,2983818,In Process
live_only,ORD00888117,34.75,MSG246WH04,2026-07-31,2026-07-31,SalesOrderHeadersV3,2026-07-31,yes,yes,no,both_in_period_other_cause,no,2983818,In Process
live_only,ORD00888117,34.875,MSG247WH04,2026-07-31,2026-07-31,SalesOrderHeadersV3,2026-07-31,yes,yes,no,both_in_period_other_cause,no,2983818,In Process
live_only,ORD00888117,34.9375,MSG248WH04,2026-07-31,2026-07-31,SalesOrderHeadersV3,2026-07-31,yes,yes,no,both_in_period_other_cause,no,2983818,In Process
live_only,ORD00888117,34.96875,MSG252WH04,2026-07-31,2026-07-31,SalesOrderHeadersV3,2026-07-31,yes,yes,no,both_in_period_other_cause,no,2983818,In Process
test_only,ORD00848192,2.0,FTVWD20245,2026-07-21,2026-06-03,SalesTableCDREntities,2026-07-21,no,yes,yes,explained_line_in_header_out,no,6102,Open Order
test_only,ORD00848192,3.0,FTVWD20245,2026-07-21,2026-06-03,SalesTableCDREntities,2026-07-21,no,yes,yes,explained_line_in_header_out,no,6102,Open Order
test_only,ORD00863771,3.0,OPT376WH36,2026-07-02,2026-06-26,SalesOrderHeadersV3,2026-07-02,no,yes,yes,explained_line_in_header_out,no,1978,Invoiced
test_only,ORD00863771,4.0,FTVWD20545,2026-07-06,2026-06-26,SalesOrderHeadersV3,2026-07-06,no,yes,yes,explained_line_in_header_out,no,1978,Invoiced
test_only,ORD00865884,25.0,MSG235AL06,2026-07-13,2026-06-29,SalesOrderHeadersV3,2026-07-13,no,yes,yes,explained_line_in_header_out,no,ROCHDALE OUTLET DEPA,Invoiced
test_only,ORD00865884,26.0,MSG229AL06,2026-07-13,2026-06-29,SalesOrderHeadersV3,2026-07-13,no,yes,yes,explained_line_in_header_out,no,ROCHDALE OUTLET DEPA,Invoiced
test_only,ORD00865884,27.0,MSG227WH06,2026-07-13,2026-06-29,SalesOrderHeadersV3,2026-07-13,no,yes,yes,explained_line_in_header_out,no,ROCHDALE OUTLET DEPA,Canceled
test_only,ORD00865989,3.0,VFP2.0MO10,2026-07-01,2026-06-29,SalesOrderHeadersV3,2026-07-01,no,yes,yes,explained_line_in_header_out,no,6966,Invoiced
test_only,ORD00867435,0.0,MSG2347WH6,2026-07-01,2026-07-01,SalesOrderHeadersV3,,yes,no,,no_line_created_odata,no,5046,Invoiced
test_only,ORD00867484,0.0,MSG2287WH6,2026-07-01,2026-07-01,SalesOrderHeadersV3,,yes,no,,no_line_created_odata,no,1977,Invoiced
test_only,ORD00868085,0.0,TQPN84GR06,2026-07-02,2026-07-02,SalesOrderHeadersV3,,yes,no,,no_line_created_odata,no,917,Open Order
test_only,ORD00868105,0.0,LATV36BK12,2026-07-02,2026-07-02,SalesOrderHeadersV3,,yes,no,,no_line_created_odata,no,5194,Canceled
test_only,ORD00868105,0.0,MFG229WH02,2026-07-02,2026-07-02,SalesOrderHeadersV3,,yes,no,,no_line_created_odata,no,5194,Invoiced
test_only,ORD00868307,1.0,MSG234AL06,2026-07-02,2026-07-02,SalesTableCDREntities,2026-07-02,yes,yes,no,test_only_missing_from_live_odata_headers,no,6639,Open Order
test_only,ORD00868307,2.0,MSG231AL06,2026-07-02,2026-07-02,SalesTableCDREntities,2026-07-02,yes,yes,no,test_only_missing_from_live_odata_headers,no,6639,Open Order
test_only,ORD00868307,3.0,MSG227WH06,2026-07-02,2026-07-02,SalesTableCDREntities,2026-07-02,yes,yes,no,test_only_missing_from_live_odata_headers,no,6639,Open Order
test_only,ORD00868307,4.0,MSG2327WH6,2026-07-02,2026-07-02,SalesTableCDREntities,2026-07-02,yes,yes,no,test_only_missing_from_live_odata_headers,no,6639,Open Order
test_only,ORD00868340,1.0,TRL736WH06,2026-07-02,2026-07-02,SalesTableCDREntities,2026-07-02,yes,yes,no,test_only_missing_from_live_odata_headers,no,4105,Open Order
test_only,ORD00868340,10.0,MSG21842W6,2026-07-02,2026-07-02,SalesTableCDREntities,2026-07-02,yes,yes,no,test_only_missing_from_live_odata_headers,no,4105,Open Order
test_only,ORD00868340,11.0,MSG22342W6,2026-07-02,2026-07-02,SalesTableCDREntities,2026-07-02,yes,yes,no,test_only_missing_from_live_odata_headers,no,4105,Open Order
test_only,ORD00868340,12.0,SOCO72WH06,2026-07-02,2026-07-02,SalesTableCDREntities,2026-07-02,yes,yes,no,test_only_missing_from_live_odata_headers,no,4105,Open Order
test_only,ORD00868340,13.0,SOCO60WD06,2026-07-02,2026-07-02,SalesTableCDREntities,2026-07-02,yes,yes,no,test_only_missing_from_live_odata_headers,no,4105,Open Order
test_only,ORD00868340,14.0,SOCO72WD06,2026-07-02,2026-07-02,SalesTableCDREntities,2026-07-02,yes,yes,no,test_only_missing_from_live_odata_headers,no,4105,Open Order
test_only,ORD00868340,15.0,SOCO36GY06,2026-07-02,2026-07-02,SalesTableCDREntities,2026-07-02,yes,yes,no,test_only_missing_from_live_odata_headers,no,4105,Open Order
test_only,ORD00868340,16.0,SOCO72GY06,2026-07-02,2026-07-02,SalesTableCDREntities,2026-07-02,yes,yes,no,test_only_missing_from_live_odata_headers,no,4105,Open Order
test_only,ORD00868340,17.0,MSG223WD06,2026-07-02,2026-07-02,SalesTableCDREntities,2026-07-02,yes,yes,no,test_only_missing_from_live_odata_headers,no,4105,Open Order
test_only,ORD00868340,18.0,MSG226WD06,2026-07-02,2026-07-02,SalesTableCDREntities,2026-07-02,yes,yes,no,test_only_missing_from_live_odata_headers,no,4105,Open Order
test_only,ORD00868340,19.0,MSG228WD06,2026-07-02,2026-07-02,SalesTableCDREntities,2026-07-02,yes,yes,no,test_only_missing_from_live_odata_headers,no,4105,Open Order
test_only,ORD00868340,2.0,MSG229BK06,2026-07-02,2026-07-02,SalesTableCDREntities,2026-07-02,yes,yes,no,test_only_missing_from_live_odata_headers,no,4105,Open Order
test_only,ORD00868340,20.0,MSG232WD06,2026-07-02,2026-07-02,SalesTableCDREntities,2026-07-02,yes,yes,no,test_only_missing_from_live_odata_headers,no,4105,Open Order
test_only,ORD00868340,21.0,MSG2297WD6,2026-07-02,2026-07-02,SalesTableCDREntities,2026-07-02,yes,yes,no,test_only_missing_from_live_odata_headers,no,4105,Open Order
test_only,ORD00868340,22.0,MSG226GY06,2026-07-02,2026-07-02,SalesTableCDREntities,2026-07-02,yes,yes,no,test_only_missing_from_live_odata_headers,no,4105,Open Order
test_only,ORD00868340,23.0,RDMATM2806,2026-07-02,2026-07-02,SalesTableCDREntities,2026-07-02,yes,yes,no,test_only_missing_from_live_odata_headers,no,4105,Open Order
test_only,ORD00868340,24.0,MSG2277GY6,2026-07-02,2026-07-02,SalesTableCDREntities,2026-07-02,yes,yes,no,test_only_missing_from_live_odata_headers,no,4105,Open Order
test_only,ORD00868340,25.0,MSG229AL06,2026-07-02,2026-07-02,SalesTableCDREntities,2026-07-02,yes,yes,no,test_only_missing_from_live_odata_headers,no,4105,Open Order
test_only,ORD00868340,3.0,CPS736NT01,2026-07-02,2026-07-02,SalesTableCDREntities,2026-07-02,yes,yes,no,test_only_missing_from_live_odata_headers,no,4105,Open Order
test_only,ORD00868340,4.0,LUG223MH04,2026-07-02,2026-07-02,SalesTableCDREntities,2026-07-02,yes,yes,no,test_only_missing_from_live_odata_headers,no,4105,Open Order
test_only,ORD00868340,5.0,LUG229MH04,2026-07-02,2026-07-02,SalesTableCDREntities,2026-07-02,yes,yes,no,test_only_missing_from_live_odata_headers,no,4105,Open Order
test_only,ORD00868340,6.0,MSG2284WH6,2026-07-02,2026-07-02,SalesTableCDREntities,2026-07-02,yes,yes,no,test_only_missing_from_live_odata_headers,no,4105,Open Order
test_only,ORD00868340,7.0,MSG2294WH6,2026-07-02,2026-07-02,SalesTableCDREntities,2026-07-02,yes,yes,no,test_only_missing_from_live_odata_headers,no,4105,Open Order
test_only,ORD00868340,8.0,MSG222WH06,2026-07-02,2026-07-02,SalesTableCDREntities,2026-07-02,yes,yes,no,test_only_missing_from_live_odata_headers,no,4105,Open Order
test_only,ORD00868340,9.0,MSG226BK06,2026-07-02,2026-07-02,SalesTableCDREntities,2026-07-02,yes,yes,no,test_only_missing_from_live_odata_headers,no,4105,Open Order
test_only,ORD00868376,1.0,RDMCAR4806,2026-07-02,2026-07-02,SalesTableCDREntities,2026-07-02,yes,yes,no,test_only_missing_from_live_odata_headers,no,4105,Open Order
test_only,ORD00868376,10.0,MSG2237BK6,2026-07-02,2026-07-02,SalesTableCDREntities,2026-07-02,yes,yes,no,test_only_missing_from_live_odata_headers,no,4105,Open Order
test_only,ORD00868376,11.0,MSG2347BK6,2026-07-02,2026-07-02,SalesTableCDREntities,2026-07-02,yes,yes,no,test_only_missing_from_live_odata_headers,no,4105,Open Order
test_only,ORD00868376,12.0,DSG243AL04,2026-07-02,2026-07-02,SalesTableCDREntities,2026-07-02,yes,yes,no,test_only_missing_from_live_odata_headers,no,4105,Open Order
test_only,ORD00868376,13.0,SOCO72WH06,2026-07-02,2026-07-02,SalesTableCDREntities,2026-07-02,yes,yes,no,test_only_missing_from_live_odata_headers,no,4105,Open Order
test_only,ORD00868376,14.0,SOCO36WD06,2026-07-02,2026-07-02,SalesTableCDREntities,2026-07-02,yes,yes,no,test_only_missing_from_live_odata_headers,no,4105,Open Order
test_only,ORD00868376,15.0,SOCO60WD06,2026-07-02,2026-07-02,SalesTableCDREntities,2026-07-02,yes,yes,no,test_only_missing_from_live_odata_headers,no,4105,Open Order
test_only,ORD00868376,16.0,CPS376CO12,2026-07-02,2026-07-02,SalesTableCDREntities,2026-07-02,yes,yes,no,test_only_missing_from_live_odata_headers,no,4105,Open Order
test_only,ORD00868376,17.0,MSG270WH04,2026-07-02,2026-07-02,SalesTableCDREntities,2026-07-02,yes,yes,no,test_only_missing_from_live_odata_headers,no,4105,Open Order
test_only,ORD00868376,18.0,MSG271WH04,2026-07-02,2026-07-02,SalesTableCDREntities,2026-07-02,yes,yes,no,test_only_missing_from_live_odata_headers,no,4105,Open Order
test_only,ORD00868376,19.0,SOCO36GY06,2026-07-02,2026-07-02,SalesTableCDREntities,2026-07-02,yes,yes,no,test_only_missing_from_live_odata_headers,no,4105,Open Order
test_only,ORD00868376,2.0,TRS736WH06,2026-07-02,2026-07-02,SalesTableCDREntities,2026-07-02,yes,yes,no,test_only_missing_from_live_odata_headers,no,4105,Open Order
test_only,ORD00868376,20.0,MSG235WD06,2026-07-02,2026-07-02,SalesTableCDREntities,2026-07-02,yes,yes,no,test_only_missing_from_live_odata_headers,no,4105,Open Order
test_only,ORD00868376,21.0,MSG2347WD6,2026-07-02,2026-07-02,SalesTableCDREntities,2026-07-02,yes,yes,no,test_only_missing_from_live_odata_headers,no,4105,Open Order
test_only,ORD00868376,22.0,MSG2367WD6,2026-07-02,2026-07-02,SalesTableCDREntities,2026-07-02,yes,yes,no,test_only_missing_from_live_odata_headers,no,4105,Open Order
test_only,ORD00868376,23.0,MSG2364AL6,2026-07-02,2026-07-02,SalesTableCDREntities,2026-07-02,yes,yes,no,test_only_missing_from_live_odata_headers,no,4105,Open Order
test_only,ORD00868376,24.0,MSG2334BK6,2026-07-02,2026-07-02,SalesTableCDREntities,2026-07-02,yes,yes,no,test_only_missing_from_live_odata_headers,no,4105,Open Order
test_only,ORD00868376,25.0,MSG2364BK6,2026-07-02,2026-07-02,SalesTableCDREntities,2026-07-02,yes,yes,no,test_only_missing_from_live_odata_headers,no,4105,Open Order
test_only,ORD00868376,26.0,MSG229AL06,2026-07-02,2026-07-02,SalesTableCDREntities,2026-07-02,yes,yes,no,test_only_missing_from_live_odata_headers,no,4105,Open Order
test_only,ORD00868376,27.0,MSG235WH06,2026-07-02,2026-07-02,SalesTableCDREntities,2026-07-02,yes,yes,no,test_only_missing_from_live_odata_headers,no,4105,Open Order
test_only,ORD00868376,28.0,MSG235AL06,2026-07-02,2026-07-02,SalesTableCDREntities,2026-07-02,yes,yes,no,test_only_missing_from_live_odata_headers,no,4105,Open Order
test_only,ORD00868376,29.0,MSG236AL06,2026-07-02,2026-07-02,SalesTableCDREntities,2026-07-02,yes,yes,no,test_only_missing_from_live_odata_headers,no,4105,Open Order
test_only,ORD00868376,3.0,TRL376WH12,2026-07-02,2026-07-02,SalesTableCDREntities,2026-07-02,yes,yes,no,test_only_missing_from_live_odata_headers,no,4105,Open Order
test_only,ORD00868376,4.0,MSG230BK06,2026-07-02,2026-07-02,SalesTableCDREntities,2026-07-02,yes,yes,no,test_only_missing_from_live_odata_headers,no,4105,Open Order
test_only,ORD00868376,5.0,MSG2294WH6,2026-07-02,2026-07-02,SalesTableCDREntities,2026-07-02,yes,yes,no,test_only_missing_from_live_odata_headers,no,4105,Open Order
test_only,ORD00868376,6.0,MSG2344WH6,2026-07-02,2026-07-02,SalesTableCDREntities,2026-07-02,yes,yes,no,test_only_missing_from_live_odata_headers,no,4105,Open Order
test_only,ORD00868376,7.0,MSG2364WH6,2026-07-02,2026-07-02,SalesTableCDREntities,2026-07-02,yes,yes,no,test_only_missing_from_live_odata_headers,no,4105,Open Order
test_only,ORD00868376,8.0,MSG2367WH6,2026-07-02,2026-07-02,SalesTableCDREntities,2026-07-02,yes,yes,no,test_only_missing_from_live_odata_headers,no,4105,Open Order
test_only,ORD00868376,9.0,MSG2367AL6,2026-07-02,2026-07-02,SalesTableCDREntities,2026-07-02,yes,yes,no,test_only_missing_from_live_odata_headers,no,4105,Open Order
test_only,ORD00870877,0.0,CHCHPDBK14,2026-07-06,2026-07-06,SalesOrderHeadersV3,,yes,no,,no_line_created_odata,no,00011616,Open Order
test_only,ORD00870951,1.0,OMWFVLSG06,2026-07-06,2026-07-06,SalesTableCDREntities,2026-07-06,yes,yes,no,test_only_missing_from_live_odata_headers,no,1412,Invoiced
test_only,ORD00870951,10.0,PAPN84BU12,2026-07-06,2026-07-06,SalesTableCDREntities,2026-07-06,yes,yes,no,test_only_missing_from_live_odata_headers,no,1412,Invoiced
test_only,ORD00870951,100.0,ANFTMGAR12,2026-07-06,2026-07-06,SalesTableCDREntities,2026-07-06,yes,yes,no,test_only_missing_from_live_odata_headers,no,1412,Invoiced
test_only,ORD00870951,101.0,AFB1830G12,2026-07-06,2026-07-06,SalesTableCDREntities,2026-07-06,yes,yes,no,test_only_missing_from_live_odata_headers,no,1412,Invoiced
test_only,ORD00870951,102.0,AF1830BK06,2026-07-06,2026-07-06,SalesTableCDREntities,2026-07-06,yes,yes,no,test_only_missing_from_live_odata_headers,no,1412,Invoiced
test_only,ORD00870951,103.0,AF1830BK06,2026-07-06,2026-07-06,SalesTableCDREntities,2026-07-06,yes,yes,no,test_only_missing_from_live_odata_headers,no,1412,Invoiced
test_only,ORD00870951,104.0,ANFTMBES06,2026-07-06,2026-07-06,SalesTableCDREntities,2026-07-06,yes,yes,no,test_only_missing_from_live_odata_headers,no,1412,Invoiced
test_only,ORD00870951,105.0,ANFTMLMD06,2026-07-06,2026-07-06,SalesTableCDREntities,2026-07-06,yes,yes,no,test_only_missing_from_live_odata_headers,no,1412,Invoiced
test_only,ORD00870951,106.0,RM1830SF12,2026-07-06,2026-07-06,SalesTableCDREntities,2026-07-06,yes,yes,no,test_only_missing_from_live_odata_headers,no,1412,Invoiced
test_only,ORD00870951,107.0,COM1830SR6,2026-07-06,2026-07-06,SalesTableCDREntities,2026-07-06,yes,yes,no,test_only_missing_from_live_odata_headers,no,1412,Invoiced
test_only,ORD00870951,108.0,COM1830ML6,2026-07-06,2026-07-06,SalesTableCDREntities,2026-07-06,yes,yes,no,test_only_missing_from_live_odata_headers,no,1412,Invoiced
test_only,ORD00870951,109.0,WRM1830AD6,2026-07-06,2026-07-06,SalesTableCDREntities,2026-07-06,yes,yes,no,test_only_missing_from_live_odata_headers,no,1412,Invoiced
test_only,ORD00870951,11.0,ROTS36BU12,2026-07-06,2026-07-06,SalesTableCDREntities,2026-07-06,yes,yes,no,test_only_missing_from_live_odata_headers,no,1412,Invoiced
test_only,ORD00870951,110.0,WRM1830FL6,2026-07-06,2026-07-06,SalesTableCDREntities,2026-07-06,yes,yes,no,test_only_missing_from_live_odata_headers,no,1412,Invoiced
test_only,ORD00870951,111.0,COM1830RM6,2026-07-06,2026-07-06,SalesTableCDREntities,2026-07-06,yes,yes,no,test_only_missing_from_live_odata_headers,no,1412,Invoiced
test_only,ORD00870951,112.0,RM1830WE06,2026-07-06,2026-07-06,SalesTableCDREntities,2026-07-06,yes,yes,no,test_only_missing_from_live_odata_headers,no,1412,Invoiced
test_only,ORD00870951,12.0,ARTV36GR12,2026-07-06,2026-07-06,SalesTableCDREntities,2026-07-06,yes,yes,no,test_only_missing_from_live_odata_headers,no,1412,Invoiced
test_only,ORD00870951,13.0,LATV36TN12,2026-07-06,2026-07-06,SalesTableCDREntities,2026-07-06,yes,yes,no,test_only_missing_from_live_odata_headers,no,1412,Invoiced
test_only,ORD00870951,14.0,DRTV36TW12,2026-07-06,2026-07-06,SalesTableCDREntities,2026-07-06,yes,yes,no,test_only_missing_from_live_odata_headers,no,1412,Invoiced
test_only,ORD00870951,15.0,VGPN63BR06,2026-07-06,2026-07-06,SalesTableCDREntities,2026-07-06,yes,yes,no,test_only_missing_from_live_odata_headers,no,1412,Invoiced
test_only,ORD00870951,16.0,ESPN63TN12,2026-07-06,2026-07-06,SalesTableCDREntities,2026-07-06,yes,yes,no,test_only_missing_from_live_odata_headers,no,1412,Invoiced
test_only,ORD00870951,17.0,FRTS24ML12,2026-07-06,2026-07-06,SalesTableCDREntities,2026-07-06,yes,yes,no,test_only_missing_from_live_odata_headers,no,1412,Invoiced
test_only,ORD00870951,18.0,BMPN84BK06,2026-07-06,2026-07-06,SalesTableCDREntities,2026-07-06,yes,yes,no,test_only_missing_from_live_odata_headers,no,1412,Invoiced
test_only,ORD00870951,19.0,KEPN63BL06,2026-07-06,2026-07-06,SalesTableCDREntities,2026-07-06,yes,yes,no,test_only_missing_from_live_odata_headers,no,1412,Invoiced
test_only,ORD00870951,2.0,SPTS24BW12,2026-07-06,2026-07-06,SalesTableCDREntities,2026-07-06,yes,yes,no,test_only_missing_from_live_odata_headers,no,1412,Invoiced
test_only,ORD00870951,20.0,KEPN63BL06,2026-07-06,2026-07-06,SalesTableCDREntities,2026-07-06,yes,yes,no,test_only_missing_from_live_odata_headers,no,1412,Invoiced
test_only,ORD00870951,21.0,VGPN63MS06,2026-07-06,2026-07-06,SalesTableCDREntities,2026-07-06,yes,yes,no,test_only_missing_from_live_odata_headers,no,1412,Invoiced
test_only,ORD00870951,22.0,TQPN84TN06,2026-07-06,2026-07-06,SalesTableCDREntities,2026-07-06,yes,yes,no,test_only_missing_from_live_odata_headers,no,1412,Invoiced
test_only,ORD00870951,23.0,HPPN84MO06,2026-07-06,2026-07-06,SalesTableCDREntities,2026-07-06,yes,yes,no,test_only_missing_from_live_odata_headers,no,1412,Invoiced
test_only,ORD00870951,24.0,DRTU63NY06,2026-07-06,2026-07-06,SalesTableCDREntities,2026-07-06,yes,yes,no,test_only_missing_from_live_odata_headers,no,1412,Invoiced
test_only,ORD00870951,25.0,TYPN84AB06,2026-07-06,2026-07-06,SalesTableCDREntities,2026-07-06,yes,yes,no,test_only_missing_from_live_odata_headers,no,1412,Invoiced
test_only,ORD00870951,26.0,TQPN63SL06,2026-07-06,2026-07-06,SalesTableCDREntities,2026-07-06,yes,yes,no,test_only_missing_from_live_odata_headers,no,1412,Invoiced
test_only,ORD00870951,27.0,TQPN84SL06,2026-07-06,2026-07-06,SalesTableCDREntities,2026-07-06,yes,yes,no,test_only_missing_from_live_odata_headers,no,1412,Invoiced
test_only,ORD00870951,28.0,OMSF144BL6,2026-07-06,2026-07-06,SalesTableCDREntities,2026-07-06,yes,yes,no,test_only_missing_from_live_odata_headers,no,1412,Invoiced
test_only,ORD00870951,29.0,TAVL13BK12,2026-07-06,2026-07-06,SalesTableCDREntities,2026-07-06,yes,yes,no,test_only_missing_from_live_odata_headers,no,1412,Invoiced
test_only,ORD00870951,3.0,LATV36GY04,2026-07-06,2026-07-06,SalesTableCDREntities,2026-07-06,yes,yes,no,test_only_missing_from_live_odata_headers,no,1412,Invoiced
test_only,ORD00870951,30.0,LLVL14CC12,2026-07-06,2026-07-06,SalesTableCDREntities,2026-07-06,yes,yes,no,test_only_missing_from_live_odata_headers,no,1412,Invoiced
test_only,ORD00870951,31.0,HNVA14BK12,2026-07-06,2026-07-06,SalesTableCDREntities,2026-07-06,yes,yes,no,test_only_missing_from_live_odata_headers,no,1412,Invoiced
test_only,ORD00870951,32.0,HNVA14TN12,2026-07-06,2026-07-06,SalesTableCDREntities,2026-07-06,yes,yes,no,test_only_missing_from_live_odata_headers,no,1412,Invoiced
test_only,ORD00870951,33.0,LDTV24YL12,2026-07-06,2026-07-06,SalesTableCDREntities,2026-07-06,yes,yes,no,test_only_missing_from_live_odata_headers,no,1412,Invoiced
test_only,ORD00870951,34.0,KEVL14TN06,2026-07-06,2026-07-06,SalesTableCDREntities,2026-07-06,yes,yes,no,test_only_missing_from_live_odata_headers,no,1412,Invoiced
test_only,ORD00870951,35.0,ENTS36GL04,2026-07-06,2026-07-06,SalesTableCDREntities,2026-07-06,yes,yes,no,test_only_missing_from_live_odata_headers,no,1412,Invoiced
test_only,ORD00870951,36.0,WNPP84SV06,2026-07-06,2026-07-06,SalesTableCDREntities,2026-07-06,yes,yes,no,test_only_missing_from_live_odata_headers,no,1412,Invoiced
test_only,ORD00870951,37.0,LATV36TN12,2026-07-06,2026-07-06,SalesTableCDREntities,2026-07-06,yes,yes,no,test_only_missing_from_live_odata_headers,no,1412,Invoiced
test_only,ORD00870951,38.0,LDTV24YL12,2026-07-06,2026-07-06,SalesTableCDREntities,2026-07-06,yes,yes,no,test_only_missing_from_live_odata_headers,no,1412,Invoiced
test_only,ORD00870951,39.0,BCPN95BW12,2026-07-06,2026-07-06,SalesTableCDREntities,2026-07-06,yes,yes,no,test_only_missing_from_live_odata_headers,no,1412,Invoiced
test_only,ORD00870951,4.0,BETR36GY12,2026-07-06,2026-07-06,SalesTableCDREntities,2026-07-06,yes,yes,no,test_only_missing_from_live_odata_headers,no,1412,Invoiced
test_only,ORD00870951,40.0,SPTS24BW12,2026-07-06,2026-07-06,SalesTableCDREntities,2026-07-06,yes,yes,no,test_only_missing_from_live_odata_headers,no,1412,Invoiced
test_only,ORD00870951,41.0,BOPN63SV06,2026-07-06,2026-07-06,SalesTableCDREntities,2026-07-06,yes,yes,no,test_only_missing_from_live_odata_headers,no,1412,Invoiced
test_only,ORD00870951,42.0,SUPN84TN12,2026-07-06,2026-07-06,SalesTableCDREntities,2026-07-06,yes,yes,no,test_only_missing_from_live_odata_headers,no,1412,Invoiced
test_only,ORD00870951,43.0,TQPN84TN06,2026-07-06,2026-07-06,SalesTableCDREntities,2026-07-06,yes,yes,no,test_only_missing_from_live_odata_headers,no,1412,Invoiced
test_only,ORD00870951,44.0,TAVL13BK12,2026-07-06,2026-07-06,SalesTableCDREntities,2026-07-06,yes,yes,no,test_only_missing_from_live_odata_headers,no,1412,Invoiced
test_only,ORD00870951,45.0,ARTV36TN12,2026-07-06,2026-07-06,SalesTableCDREntities,2026-07-06,yes,yes,no,test_only_missing_from_live_odata_headers,no,1412,Invoiced
test_only,ORD00870951,46.0,TYPN84AB06,2026-07-06,2026-07-06,SalesTableCDREntities,2026-07-06,yes,yes,no,test_only_missing_from_live_odata_headers,no,1412,Invoiced
test_only,ORD00870951,47.0,LLTV24GY12,2026-07-06,2026-07-06,SalesTableCDREntities,2026-07-06,yes,yes,no,test_only_missing_from_live_odata_headers,no,1412,Invoiced
test_only,ORD00870951,48.0,HNVA14TN12,2026-07-06,2026-07-06,SalesTableCDREntities,2026-07-06,yes,yes,no,test_only_missing_from_live_odata_headers,no,1412,Invoiced
test_only,ORD00870951,49.0,MIPN84HN06,2026-07-06,2026-07-06,SalesTableCDREntities,2026-07-06,yes,yes,no,test_only_missing_from_live_odata_headers,no,1412,Invoiced
test_only,ORD00870951,5.0,OMWFVLCH06,2026-07-06,2026-07-06,SalesTableCDREntities,2026-07-06,yes,yes,no,test_only_missing_from_live_odata_headers,no,1412,Invoiced
test_only,ORD00870951,50.0,BCPN63YL12,2026-07-06,2026-07-06,SalesTableCDREntities,2026-07-06,yes,yes,no,test_only_missing_from_live_odata_headers,no,1412,Invoiced
test_only,ORD00870951,51.0,CFTS24BW12,2026-07-06,2026-07-06,SalesTableCDREntities,2026-07-06,yes,yes,no,test_only_missing_from_live_odata_headers,no,1412,Invoiced
test_only,ORD00870951,52.0,TQPN84SL06,2026-07-06,2026-07-06,SalesTableCDREntities,2026-07-06,yes,yes,no,test_only_missing_from_live_odata_headers,no,1412,Invoiced
test_only,ORD00870951,53.0,MIPN63TL06,2026-07-06,2026-07-06,SalesTableCDREntities,2026-07-06,yes,yes,no,test_only_missing_from_live_odata_headers,no,1412,Invoiced
test_only,ORD00870951,54.0,LATV36TN12,2026-07-06,2026-07-06,SalesTableCDREntities,2026-07-06,yes,yes,no,test_only_missing_from_live_odata_headers,no,1412,Invoiced
test_only,ORD00870951,55.0,LLVL14GY12,2026-07-06,2026-07-06,SalesTableCDREntities,2026-07-06,yes,yes,no,test_only_missing_from_live_odata_headers,no,1412,Invoiced
test_only,ORD00870951,56.0,DRTV24MT12,2026-07-06,2026-07-06,SalesTableCDREntities,2026-07-06,yes,yes,no,test_only_missing_from_live_odata_headers,no,1412,Invoiced
test_only,ORD00870951,57.0,FF5P84WH12,2026-07-06,2026-07-06,SalesTableCDREntities,2026-07-06,yes,yes,no,test_only_missing_from_live_odata_headers,no,1412,Invoiced
test_only,ORD00870951,58.0,OMPN63ER06,2026-07-06,2026-07-06,SalesTableCDREntities,2026-07-06,yes,yes,no,test_only_missing_from_live_odata_headers,no,1412,Invoiced
test_only,ORD00870951,59.0,BOTV36MC12,2026-07-06,2026-07-06,SalesTableCDREntities,2026-07-06,yes,yes,no,test_only_missing_from_live_odata_headers,no,1412,Invoiced
test_only,ORD00870951,6.0,OMPN63ER06,2026-07-06,2026-07-06,SalesTableCDREntities,2026-07-06,yes,yes,no,test_only_missing_from_live_odata_headers,no,1412,Invoiced
test_only,ORD00870951,60.0,KEVL14GY06,2026-07-06,2026-07-06,SalesTableCDREntities,2026-07-06,yes,yes,no,test_only_missing_from_live_odata_headers,no,1412,Invoiced
test_only,ORD00870951,61.0,BLPN84TN06,2026-07-06,2026-07-06,SalesTableCDREntities,2026-07-06,yes,yes,no,test_only_missing_from_live_odata_headers,no,1412,Invoiced
test_only,ORD00870951,62.0,DRTV24TW12,2026-07-06,2026-07-06,SalesTableCDREntities,2026-07-06,yes,yes,no,test_only_missing_from_live_odata_headers,no,1412,Invoiced
test_only,ORD00870951,63.0,SUPN63TN12,2026-07-06,2026-07-06,SalesTableCDREntities,2026-07-06,yes,yes,no,test_only_missing_from_live_odata_headers,no,1412,Invoiced
test_only,ORD00870951,64.0,DRTU63NY06,2026-07-06,2026-07-06,SalesTableCDREntities,2026-07-06,yes,yes,no,test_only_missing_from_live_odata_headers,no,1412,Invoiced
test_only,ORD00870951,65.0,PAVL13BL12,2026-07-06,2026-07-06,SalesTableCDREntities,2026-07-06,yes,yes,no,test_only_missing_from_live_odata_headers,no,1412,Invoiced
test_only,ORD00870951,66.0,ENTS24GL12,2026-07-06,2026-07-06,SalesTableCDREntities,2026-07-06,yes,yes,no,test_only_missing_from_live_odata_headers,no,1412,Invoiced
test_only,ORD00870951,67.0,LBTS36BL12,2026-07-06,2026-07-06,SalesTableCDREntities,2026-07-06,yes,yes,no,test_only_missing_from_live_odata_headers,no,1412,Invoiced
test_only,ORD00870951,68.0,WIPN63TF06,2026-07-06,2026-07-06,SalesTableCDREntities,2026-07-06,yes,yes,no,test_only_missing_from_live_odata_headers,no,1412,Invoiced
test_only,ORD00870951,69.0,DRTV36GW04,2026-07-06,2026-07-06,SalesTableCDREntities,2026-07-06,yes,yes,no,test_only_missing_from_live_odata_headers,no,1412,Invoiced
test_only,ORD00870951,7.0,PAPN84TN12,2026-07-06,2026-07-06,SalesTableCDREntities,2026-07-06,yes,yes,no,test_only_missing_from_live_odata_headers,no,1412,Invoiced
test_only,ORD00870951,70.0,SSTS24YL12,2026-07-06,2026-07-06,SalesTableCDREntities,2026-07-06,yes,yes,no,test_only_missing_from_live_odata_headers,no,1412,Invoiced
test_only,ORD00870951,71.0,PAVL13GR12,2026-07-06,2026-07-06,SalesTableCDREntities,2026-07-06,yes,yes,no,test_only_missing_from_live_odata_headers,no,1412,Invoiced
test_only,ORD00870951,72.0,HNVA14AG12,2026-07-06,2026-07-06,SalesTableCDREntities,2026-07-06,yes,yes,no,test_only_missing_from_live_odata_headers,no,1412,Invoiced
test_only,ORD00870951,73.0,DMCS24ML12,2026-07-06,2026-07-06,SalesTableCDREntities,2026-07-06,yes,yes,no,test_only_missing_from_live_odata_headers,no,1412,Invoiced
test_only,ORD00870951,74.0,LLTV36CC12,2026-07-06,2026-07-06,SalesTableCDREntities,2026-07-06,yes,yes,no,test_only_missing_from_live_odata_headers,no,1412,Invoiced
test_only,ORD00870951,75.0,BECS36GN12,2026-07-06,2026-07-06,SalesTableCDREntities,2026-07-06,yes,yes,no,test_only_missing_from_live_odata_headers,no,1412,Invoiced
test_only,ORD00870951,76.0,AVTV36CC12,2026-07-06,2026-07-06,SalesTableCDREntities,2026-07-06,yes,yes,no,test_only_missing_from_live_odata_headers,no,1412,Invoiced
test_only,ORD00870951,77.0,OMPN84SS06,2026-07-06,2026-07-06,SalesTableCDREntities,2026-07-06,yes,yes,no,test_only_missing_from_live_odata_headers,no,1412,Invoiced
test_only,ORD00870951,78.0,BCGS63BW06,2026-07-06,2026-07-06,SalesTableCDREntities,2026-07-06,yes,yes,no,test_only_missing_from_live_odata_headers,no,1412,Invoiced
test_only,ORD00870951,79.0,HNVA14GY12,2026-07-06,2026-07-06,SalesTableCDREntities,2026-07-06,yes,yes,no,test_only_missing_from_live_odata_headers,no,1412,Invoiced
test_only,ORD00870951,8.0,OMSF144ER6,2026-07-06,2026-07-06,SalesTableCDREntities,2026-07-06,yes,yes,no,test_only_missing_from_live_odata_headers,no,1412,Invoiced
test_only,ORD00870951,80.0,HNVA14BK12,2026-07-06,2026-07-06,SalesTableCDREntities,2026-07-06,yes,yes,no,test_only_missing_from_live_odata_headers,no,1412,Invoiced
test_only,ORD00870951,81.0,OMSF144SG6,2026-07-06,2026-07-06,SalesTableCDREntities,2026-07-06,yes,yes,no,test_only_missing_from_live_odata_headers,no,1412,Invoiced
test_only,ORD00870951,82.0,SUPN63SG12,2026-07-06,2026-07-06,SalesTableCDREntities,2026-07-06,yes,yes,no,test_only_missing_from_live_odata_headers,no,1412,Invoiced
test_only,ORD00870951,83.0,PAPN84NY12,2026-07-06,2026-07-06,SalesTableCDREntities,2026-07-06,yes,yes,no,test_only_missing_from_live_odata_headers,no,1412,Invoiced
test_only,ORD00870951,84.0,SUPN84SG12,2026-07-06,2026-07-06,SalesTableCDREntities,2026-07-06,yes,yes,no,test_only_missing_from_live_odata_headers,no,1412,Invoiced
test_only,ORD00870951,85.0,ARTV24GR12,2026-07-06,2026-07-06,SalesTableCDREntities,2026-07-06,yes,yes,no,test_only_missing_from_live_odata_headers,no,1412,Invoiced
test_only,ORD00870951,86.0,LLVL14GN12,2026-07-06,2026-07-06,SalesTableCDREntities,2026-07-06,yes,yes,no,test_only_missing_from_live_odata_headers,no,1412,Invoiced
test_only,ORD00870951,87.0,TAVL13BU12,2026-07-06,2026-07-06,SalesTableCDREntities,2026-07-06,yes,yes,no,test_only_missing_from_live_odata_headers,no,1412,Invoiced
test_only,ORD00870951,88.0,MSG2237AL6,2026-07-06,2026-07-06,SalesTableCDREntities,2026-07-06,yes,yes,no,test_only_missing_from_live_odata_headers,no,1412,Invoiced
test_only,ORD00870951,89.0,441-0-PK12,2026-07-06,2026-07-06,SalesTableCDREntities,2026-07-06,yes,yes,no,test_only_missing_from_live_odata_headers,no,1412,Invoiced
test_only,ORD00870951,9.0,OMSF144SG6,2026-07-06,2026-07-06,SalesTableCDREntities,2026-07-06,yes,yes,no,test_only_missing_from_live_odata_headers,no,1412,Invoiced
test_only,ORD00870951,90.0,205-0-PK48,2026-07-06,2026-07-06,SalesTableCDREntities,2026-07-06,yes,yes,no,test_only_missing_from_live_odata_headers,no,1412,Invoiced
test_only,ORD00870951,91.0,260-0-PK24,2026-07-06,2026-07-06,SalesTableCDREntities,2026-07-06,yes,yes,no,test_only_missing_from_live_odata_headers,no,1412,Invoiced
test_only,ORD00870951,92.0,420-0-PK12,2026-07-06,2026-07-06,SalesTableCDREntities,2026-07-06,yes,yes,no,test_only_missing_from_live_odata_headers,no,1412,Invoiced
test_only,ORD00870951,93.0,ANFTMCOZ06,2026-07-06,2026-07-06,SalesTableCDREntities,2026-07-06,yes,yes,no,test_only_missing_from_live_odata_headers,no,1412,Invoiced
test_only,ORD00870951,94.0,ANFTMBOH06,2026-07-06,2026-07-06,SalesTableCDREntities,2026-07-06,yes,yes,no,test_only_missing_from_live_odata_headers,no,1412,Invoiced
test_only,ORD00870951,95.0,AFB1830T12,2026-07-06,2026-07-06,SalesTableCDREntities,2026-07-06,yes,yes,no,test_only_missing_from_live_odata_headers,no,1412,Invoiced
test_only,ORD00870951,96.0,ANFTMGAR12,2026-07-06,2026-07-06,SalesTableCDREntities,2026-07-06,yes,yes,no,test_only_missing_from_live_odata_headers,no,1412,Invoiced
test_only,ORD00870951,97.0,ANFTMGAR12,2026-07-06,2026-07-06,SalesTableCDREntities,2026-07-06,yes,yes,no,test_only_missing_from_live_odata_headers,no,1412,Invoiced
test_only,ORD00870951,98.0,AFB1830G12,2026-07-06,2026-07-06,SalesTableCDREntities,2026-07-06,yes,yes,no,test_only_missing_from_live_odata_headers,no,1412,Invoiced
test_only,ORD00870951,99.0,AF1830TN06,2026-07-06,2026-07-06,SalesTableCDREntities,2026-07-06,yes,yes,no,test_only_missing_from_live_odata_headers,no,1412,Invoiced
test_only,ORD00872151,0.0,MSG239WH04,2026-07-08,2026-07-08,SalesOrderHeadersV3,,yes,no,,no_line_created_odata,no,3241807,Invoiced
test_only,ORD00872151,0.0,MSG240WH04,2026-07-08,2026-07-08,SalesOrderHeadersV3,,yes,no,,no_line_created_odata,no,3241807,Invoiced
test_only,ORD00872151,0.0,MSG241WH04,2026-07-08,2026-07-08,SalesOrderHeadersV3,,yes,no,,no_line_created_odata,no,3241807,Invoiced
test_only,ORD00872151,0.0,MSG242WH04,2026-07-08,2026-07-08,SalesOrderHeadersV3,,yes,no,,no_line_created_odata,no,3241807,Invoiced
test_only,ORD00872159,0.0,MSG223AL06,2026-07-08,2026-07-08,SalesOrderHeadersV3,,yes,no,,no_line_created_odata,no,3484083,Invoiced
test_only,ORD00872867,0.0,MSG227WH06,2026-07-09,2026-07-09,SalesOrderHeadersV3,,yes,no,,no_line_created_odata,no,6639,Invoiced
test_only,ORD00873585,0.0,LLTV24GY12,2026-07-15,2026-07-10,SalesOrderHeadersV3,,yes,no,,no_line_created_odata,no,8023,Canceled
test_only,ORD00873658,1.0,DRTV36NW12,2026-07-10,2026-07-10,SalesTableCDREntities,2026-07-10,yes,yes,no,test_only_missing_from_live_odata_headers,no,1412,Open Order
test_only,ORD00873658,10.0,BETR24GY12,2026-07-10,2026-07-10,SalesTableCDREntities,2026-07-10,yes,yes,no,test_only_missing_from_live_odata_headers,no,1412,Open Order
test_only,ORD00873658,11.0,MIPN84BH06,2026-07-10,2026-07-10,SalesTableCDREntities,2026-07-10,yes,yes,no,test_only_missing_from_live_odata_headers,no,1412,Open Order
test_only,ORD00873658,12.0,DRVL14MT12,2026-07-10,2026-07-10,SalesTableCDREntities,2026-07-10,yes,yes,no,test_only_missing_from_live_odata_headers,no,1412,Open Order
test_only,ORD00873658,13.0,TAVL13BU12,2026-07-10,2026-07-10,SalesTableCDREntities,2026-07-10,yes,yes,no,test_only_missing_from_live_odata_headers,no,1412,Open Order
test_only,ORD00873658,14.0,KETV36WH12,2026-07-10,2026-07-10,SalesTableCDREntities,2026-07-10,yes,yes,no,test_only_missing_from_live_odata_headers,no,1412,Open Order
test_only,ORD00873658,15.0,PAVL13TN12,2026-07-10,2026-07-10,SalesTableCDREntities,2026-07-10,yes,yes,no,test_only_missing_from_live_odata_headers,no,1412,Open Order
test_only,ORD00873658,16.0,TTVL14GY12,2026-07-10,2026-07-10,SalesTableCDREntities,2026-07-10,yes,yes,no,test_only_missing_from_live_odata_headers,no,1412,Open Order
test_only,ORD00873658,17.0,DRTV24GC12,2026-07-10,2026-07-10,SalesTableCDREntities,2026-07-10,yes,yes,no,test_only_missing_from_live_odata_headers,no,1412,Open Order
test_only,ORD00873658,18.0,CITV24TS12,2026-07-10,2026-07-10,SalesTableCDREntities,2026-07-10,yes,yes,no,test_only_missing_from_live_odata_headers,no,1412,Open Order
test_only,ORD00873658,19.0,HNTV24GY12,2026-07-10,2026-07-10,SalesTableCDREntities,2026-07-10,yes,yes,no,test_only_missing_from_live_odata_headers,no,1412,Open Order
test_only,ORD00873658,2.0,LDTV24YL12,2026-07-10,2026-07-10,SalesTableCDREntities,2026-07-10,yes,yes,no,test_only_missing_from_live_odata_headers,no,1412,Open Order
test_only,ORD00873658,20.0,BCTR36BW06,2026-07-10,2026-07-10,SalesTableCDREntities,2026-07-10,yes,yes,no,test_only_missing_from_live_odata_headers,no,1412,Open Order
test_only,ORD00873658,21.0,OMPN84GY06,2026-07-10,2026-07-10,SalesTableCDREntities,2026-07-10,yes,yes,no,test_only_missing_from_live_odata_headers,no,1412,Open Order
test_only,ORD00873658,22.0,BCVL14BW06,2026-07-10,2026-07-10,SalesTableCDREntities,2026-07-10,yes,yes,no,test_only_missing_from_live_odata_headers,no,1412,Open Order
test_only,ORD00873658,23.0,BLPN63TN06,2026-07-10,2026-07-10,SalesTableCDREntities,2026-07-10,yes,yes,no,test_only_missing_from_live_odata_headers,no,1412,Open Order
test_only,ORD00873658,24.0,BEPN84TN06,2026-07-10,2026-07-10,SalesTableCDREntities,2026-07-10,yes,yes,no,test_only_missing_from_live_odata_headers,no,1412,Open Order
test_only,ORD00873658,25.0,OMTU63BL06,2026-07-10,2026-07-10,SalesTableCDREntities,2026-07-10,yes,yes,no,test_only_missing_from_live_odata_headers,no,1412,Open Order
test_only,ORD00873658,26.0,DRPN84GC06,2026-07-10,2026-07-10,SalesTableCDREntities,2026-07-10,yes,yes,no,test_only_missing_from_live_odata_headers,no,1412,Open Order
test_only,ORD00873658,27.0,BCVL14SG12,2026-07-10,2026-07-10,SalesTableCDREntities,2026-07-10,yes,yes,no,test_only_missing_from_live_odata_headers,no,1412,Open Order
test_only,ORD00873658,28.0,TQPN84SL06,2026-07-10,2026-07-10,SalesTableCDREntities,2026-07-10,yes,yes,no,test_only_missing_from_live_odata_headers,no,1412,Open Order
test_only,ORD00873658,29.0,OMSF144BL6,2026-07-10,2026-07-10,SalesTableCDREntities,2026-07-10,yes,yes,no,test_only_missing_from_live_odata_headers,no,1412,Open Order
test_only,ORD00873658,3.0,GBTV36MU06,2026-07-10,2026-07-10,SalesTableCDREntities,2026-07-10,yes,yes,no,test_only_missing_from_live_odata_headers,no,1412,Open Order
test_only,ORD00873658,30.0,BEPN63TN06,2026-07-10,2026-07-10,SalesTableCDREntities,2026-07-10,yes,yes,no,test_only_missing_from_live_odata_headers,no,1412,Open Order
test_only,ORD00873658,31.0,HNVA14TN12,2026-07-10,2026-07-10,SalesTableCDREntities,2026-07-10,yes,yes,no,test_only_missing_from_live_odata_headers,no,1412,Open Order
test_only,ORD00873658,32.0,SSTS24YL12,2026-07-10,2026-07-10,SalesTableCDREntities,2026-07-10,yes,yes,no,test_only_missing_from_live_odata_headers,no,1412,Open Order
test_only,ORD00873658,33.0,PA5P63BL12,2026-07-10,2026-07-10,SalesTableCDREntities,2026-07-10,yes,yes,no,test_only_missing_from_live_odata_headers,no,1412,Open Order
test_only,ORD00873658,34.0,KETV24TN12,2026-07-10,2026-07-10,SalesTableCDREntities,2026-07-10,yes,yes,no,test_only_missing_from_live_odata_headers,no,1412,Open Order
test_only,ORD00873658,35.0,SYVL14GY12,2026-07-10,2026-07-10,SalesTableCDREntities,2026-07-10,yes,yes,no,test_only_missing_from_live_odata_headers,no,1412,Open Order
test_only,ORD00873658,36.0,PA5P63SV12,2026-07-10,2026-07-10,SalesTableCDREntities,2026-07-10,yes,yes,no,test_only_missing_from_live_odata_headers,no,1412,Open Order
test_only,ORD00873658,37.0,SUWTVLTN12,2026-07-10,2026-07-10,SalesTableCDREntities,2026-07-10,yes,yes,no,test_only_missing_from_live_odata_headers,no,1412,Open Order
test_only,ORD00873658,38.0,SUWTVLBW12,2026-07-10,2026-07-10,SalesTableCDREntities,2026-07-10,yes,yes,no,test_only_missing_from_live_odata_headers,no,1412,Open Order
test_only,ORD00873658,39.0,HVVL14BU12,2026-07-10,2026-07-10,SalesTableCDREntities,2026-07-10,yes,yes,no,test_only_missing_from_live_odata_headers,no,1412,Open Order
test_only,ORD00873658,4.0,DRVL14TW12,2026-07-10,2026-07-10,SalesTableCDREntities,2026-07-10,yes,yes,no,test_only_missing_from_live_odata_headers,no,1412,Open Order
test_only,ORD00873658,40.0,TQPN84MS06,2026-07-10,2026-07-10,SalesTableCDREntities,2026-07-10,yes,yes,no,test_only_missing_from_live_odata_headers,no,1412,Open Order
test_only,ORD00873658,41.0,KEVL14BL06,2026-07-10,2026-07-10,SalesTableCDREntities,2026-07-10,yes,yes,no,test_only_missing_from_live_odata_headers,no,1412,Open Order
test_only,ORD00873658,42.0,KETV36TN12,2026-07-10,2026-07-10,SalesTableCDREntities,2026-07-10,yes,yes,no,test_only_missing_from_live_odata_headers,no,1412,Open Order
test_only,ORD00873658,43.0,OMPN84BL06,2026-07-10,2026-07-10,SalesTableCDREntities,2026-07-10,yes,yes,no,test_only_missing_from_live_odata_headers,no,1412,Open Order
test_only,ORD00873658,44.0,BEPN84TN06,2026-07-10,2026-07-10,SalesTableCDREntities,2026-07-10,yes,yes,no,test_only_missing_from_live_odata_headers,no,1412,Open Order
test_only,ORD00873658,45.0,AF2039GY06,2026-07-10,2026-07-10,SalesTableCDREntities,2026-07-10,yes,yes,no,test_only_missing_from_live_odata_headers,no,1412,Open Order
test_only,ORD00873658,46.0,ANFTMCFE06,2026-07-10,2026-07-10,SalesTableCDREntities,2026-07-10,yes,yes,no,test_only_missing_from_live_odata_headers,no,1412,Open Order
test_only,ORD00873658,47.0,ANFTMAPO12,2026-07-10,2026-07-10,SalesTableCDREntities,2026-07-10,yes,yes,no,test_only_missing_from_live_odata_headers,no,1412,Open Order
test_only,ORD00873658,48.0,ANFTMCOZ06,2026-07-10,2026-07-10,SalesTableCDREntities,2026-07-10,yes,yes,no,test_only_missing_from_live_odata_headers,no,1412,Open Order
test_only,ORD00873658,49.0,AFB1830B12,2026-07-10,2026-07-10,SalesTableCDREntities,2026-07-10,yes,yes,no,test_only_missing_from_live_odata_headers,no,1412,Open Order
test_only,ORD00873658,5.0,TQPN63BH06,2026-07-10,2026-07-10,SalesTableCDREntities,2026-07-10,yes,yes,no,test_only_missing_from_live_odata_headers,no,1412,Open Order
test_only,ORD00873658,50.0,AFB1830T12,2026-07-10,2026-07-10,SalesTableCDREntities,2026-07-10,yes,yes,no,test_only_missing_from_live_odata_headers,no,1412,Open Order
test_only,ORD00873658,51.0,WRM1830AD6,2026-07-10,2026-07-10,SalesTableCDREntities,2026-07-10,yes,yes,no,test_only_missing_from_live_odata_headers,no,1412,Open Order
test_only,ORD00873658,52.0,COM1830SR6,2026-07-10,2026-07-10,SalesTableCDREntities,2026-07-10,yes,yes,no,test_only_missing_from_live_odata_headers,no,1412,Open Order
test_only,ORD00873658,53.0,WRM1830DI6,2026-07-10,2026-07-10,SalesTableCDREntities,2026-07-10,yes,yes,no,test_only_missing_from_live_odata_headers,no,1412,Open Order
test_only,ORD00873658,54.0,WRM1830FL6,2026-07-10,2026-07-10,SalesTableCDREntities,2026-07-10,yes,yes,no,test_only_missing_from_live_odata_headers,no,1412,Open Order
test_only,ORD00873658,55.0,WRM1830TU6,2026-07-10,2026-07-10,SalesTableCDREntities,2026-07-10,yes,yes,no,test_only_missing_from_live_odata_headers,no,1412,Open Order
test_only,ORD00873658,56.0,RM1830WE06,2026-07-10,2026-07-10,SalesTableCDREntities,2026-07-10,yes,yes,no,test_only_missing_from_live_odata_headers,no,1412,Open Order
test_only,ORD00873658,57.0,RM1830CP06,2026-07-10,2026-07-10,SalesTableCDREntities,2026-07-10,yes,yes,no,test_only_missing_from_live_odata_headers,no,1412,Open Order
test_only,ORD00873658,58.0,RM1830SF12,2026-07-10,2026-07-10,SalesTableCDREntities,2026-07-10,yes,yes,no,test_only_missing_from_live_odata_headers,no,1412,Open Order
test_only,ORD00873658,59.0,MFMTMANY24,2026-07-10,2026-07-10,SalesTableCDREntities,2026-07-10,yes,yes,no,test_only_missing_from_live_odata_headers,no,1412,Open Order
test_only,ORD00873658,6.0,WIPN63WH06,2026-07-10,2026-07-10,SalesTableCDREntities,2026-07-10,yes,yes,no,test_only_missing_from_live_odata_headers,no,1412,Open Order
test_only,ORD00873658,60.0,MFMTMABR24,2026-07-10,2026-07-10,SalesTableCDREntities,2026-07-10,yes,yes,no,test_only_missing_from_live_odata_headers,no,1412,Open Order
test_only,ORD00873658,61.0,AF1830BK06,2026-07-10,2026-07-10,SalesTableCDREntities,2026-07-10,yes,yes,no,test_only_missing_from_live_odata_headers,no,1412,Open Order
test_only,ORD00873658,62.0,360-0-PK24,2026-07-10,2026-07-10,SalesTableCDREntities,2026-07-10,yes,yes,no,test_only_missing_from_live_odata_headers,no,1412,Open Order
test_only,ORD00873658,63.0,280-0-PK12,2026-07-10,2026-07-10,SalesTableCDREntities,2026-07-10,yes,yes,no,test_only_missing_from_live_odata_headers,no,1412,Open Order
test_only,ORD00873658,64.0,365-0-PK24,2026-07-10,2026-07-10,SalesTableCDREntities,2026-07-10,yes,yes,no,test_only_missing_from_live_odata_headers,no,1412,Open Order
test_only,ORD00873658,65.0,260-0-PK24,2026-07-10,2026-07-10,SalesTableCDREntities,2026-07-10,yes,yes,no,test_only_missing_from_live_odata_headers,no,1412,Open Order
test_only,ORD00873658,66.0,SOCO30WD06,2026-07-10,2026-07-10,SalesTableCDREntities,2026-07-10,yes,yes,no,test_only_missing_from_live_odata_headers,no,1412,Open Order
test_only,ORD00873658,67.0,SOCO60WD06,2026-07-10,2026-07-10,SalesTableCDREntities,2026-07-10,yes,yes,no,test_only_missing_from_live_odata_headers,no,1412,Open Order
test_only,ORD00873658,7.0,DRVL14NW12,2026-07-10,2026-07-10,SalesTableCDREntities,2026-07-10,yes,yes,no,test_only_missing_from_live_odata_headers,no,1412,Open Order
test_only,ORD00873658,8.0,AVVL14IB12,2026-07-10,2026-07-10,SalesTableCDREntities,2026-07-10,yes,yes,no,test_only_missing_from_live_odata_headers,no,1412,Open Order
test_only,ORD00873658,9.0,DRVL14BW12,2026-07-10,2026-07-10,SalesTableCDREntities,2026-07-10,yes,yes,no,test_only_missing_from_live_odata_headers,no,1412,Open Order
test_only,ORD00873667,1.0,BEPN63TN06,2026-07-10,2026-07-10,SalesTableCDREntities,2026-07-10,yes,yes,no,test_only_missing_from_live_odata_headers,no,1412,Open Order
test_only,ORD00873859,0.0,205-0-PK48,2026-07-10,2026-07-10,SalesOrderHeadersV3,,yes,no,,no_line_created_odata,no,38012,Open Order
test_only,ORD00873859,0.0,COM1830ML6,2026-07-10,2026-07-10,SalesOrderHeadersV3,,yes,no,,no_line_created_odata,no,38012,Open Order
test_only,ORD00875989,0.0,MSG2297AL6,2026-07-13,2026-07-13,SalesOrderHeadersV3,,yes,no,,no_line_created_odata,no,6639,Canceled
test_only,ORD00877611,0.0,MSG243AL04,2026-07-15,2026-07-15,SalesOrderHeadersV3,,yes,no,,no_line_created_odata,no,1963,Open Order
test_only,ORD00878278,0.0,MSG2247WH6,2026-07-16,2026-07-16,SalesOrderHeadersV3,,yes,no,,no_line_created_odata,no,6054,Invoiced
test_only,ORD00878278,0.0,MSG2267WH6,2026-07-16,2026-07-16,SalesOrderHeadersV3,,yes,no,,no_line_created_odata,no,6054,Canceled
test_only,ORD00878278,0.0,MSG2277WH6,2026-07-16,2026-07-16,SalesOrderHeadersV3,,yes,no,,no_line_created_odata,no,6054,Invoiced
test_only,ORD00878278,0.0,MSG2357WH6,2026-07-16,2026-07-16,SalesOrderHeadersV3,,yes,no,,no_line_created_odata,no,6054,Invoiced
test_only,ORD00878278,0.0,MSG2367WH6,2026-07-16,2026-07-16,SalesOrderHeadersV3,,yes,no,,no_line_created_odata,no,6054,Invoiced
test_only,ORD00882399,0.0,MSG225WH06,2026-07-22,2026-07-22,SalesOrderHeadersV3,,yes,no,,no_line_created_odata,no,5507,Invoiced
test_only,ORD00882399,0.0,MSG227AL06,2026-07-22,2026-07-22,SalesOrderHeadersV3,,yes,no,,no_line_created_odata,no,5507,Invoiced
test_only,ORD00882399,0.0,MSG229BK06,2026-07-22,2026-07-22,SalesOrderHeadersV3,,yes,no,,no_line_created_odata,no,5507,Invoiced
test_only,ORD00882399,0.0,MSG230BK06,2026-07-22,2026-07-22,SalesOrderHeadersV3,,yes,no,,no_line_created_odata,no,5507,Invoiced
test_only,ORD00882399,0.0,MSG231AL06,2026-07-22,2026-07-22,SalesOrderHeadersV3,,yes,no,,no_line_created_odata,no,5507,Invoiced
test_only,ORD00882399,0.0,MSG234BK06,2026-07-22,2026-07-22,SalesOrderHeadersV3,,yes,no,,no_line_created_odata,no,5507,Invoiced
test_only,ORD00883027,0.0,RDMCAR6606,2026-07-23,2026-07-23,SalesOrderHeadersV3,,yes,no,,no_line_created_odata,no,0123456789,Invoiced
test_only,ORD00883053,0.0,CHCHPDBU14,2026-07-23,2026-07-23,SalesOrderHeadersV3,,yes,no,,no_line_created_odata,no,846,Canceled
test_only,ORD00885427,1.0,MSG2327WH6,2026-07-27,2026-07-27,SalesTableCDREntities,2026-07-27,yes,yes,no,test_only_missing_from_live_odata_headers,no,4105,Open Order
test_only,ORD00885427,10.0,MSG234WD06,2026-07-27,2026-07-27,SalesTableCDREntities,2026-07-27,yes,yes,no,test_only_missing_from_live_odata_headers,no,4105,Open Order
test_only,ORD00885427,11.0,MSG2247WH6,2026-07-27,2026-07-27,SalesTableCDREntities,2026-07-27,yes,yes,no,test_only_missing_from_live_odata_headers,no,4105,Open Order
test_only,ORD00885427,12.0,MSG2347WH6,2026-07-27,2026-07-27,SalesTableCDREntities,2026-07-27,yes,yes,no,test_only_missing_from_live_odata_headers,no,4105,Open Order
test_only,ORD00885427,13.0,MSG224WD06,2026-07-27,2026-07-27,SalesTableCDREntities,2026-07-27,yes,yes,no,test_only_missing_from_live_odata_headers,no,4105,Open Order
test_only,ORD00885427,14.0,MSG2327AL6,2026-07-27,2026-07-27,SalesTableCDREntities,2026-07-27,yes,yes,no,test_only_missing_from_live_odata_headers,no,4105,Open Order
test_only,ORD00885427,15.0,MSG2337WH6,2026-07-27,2026-07-27,SalesTableCDREntities,2026-07-27,yes,yes,no,test_only_missing_from_live_odata_headers,no,4105,Open Order
test_only,ORD00885427,16.0,MSG2334WH6,2026-07-27,2026-07-27,SalesTableCDREntities,2026-07-27,yes,yes,no,test_only_missing_from_live_odata_headers,no,4105,Open Order
test_only,ORD00885427,17.0,MSG232BK06,2026-07-27,2026-07-27,SalesTableCDREntities,2026-07-27,yes,yes,no,test_only_missing_from_live_odata_headers,no,4105,Open Order
test_only,ORD00885427,18.0,MSG2334AL6,2026-07-27,2026-07-27,SalesTableCDREntities,2026-07-27,yes,yes,no,test_only_missing_from_live_odata_headers,no,4105,Open Order
test_only,ORD00885427,19.0,MSG232WH06,2026-07-27,2026-07-27,SalesTableCDREntities,2026-07-27,yes,yes,no,test_only_missing_from_live_odata_headers,no,4105,Open Order
test_only,ORD00885427,2.0,MSG235WD06,2026-07-27,2026-07-27,SalesTableCDREntities,2026-07-27,yes,yes,no,test_only_missing_from_live_odata_headers,no,4105,Open Order
test_only,ORD00885427,20.0,RDCLNGD486,2026-07-27,2026-07-27,SalesTableCDREntities,2026-07-27,yes,yes,no,test_only_missing_from_live_odata_headers,no,4105,Open Order
test_only,ORD00885427,21.0,SOCO72WD06,2026-07-27,2026-07-27,SalesTableCDREntities,2026-07-27,yes,yes,no,test_only_missing_from_live_odata_headers,no,4105,Open Order
test_only,ORD00885427,22.0,ANFTMBBK12,2026-07-27,2026-07-27,SalesTableCDREntities,2026-07-27,yes,yes,no,test_only_missing_from_live_odata_headers,no,4105,Open Order
test_only,ORD00885427,23.0,CL6P84IV06,2026-07-27,2026-07-27,SalesTableCDREntities,2026-07-27,yes,yes,no,test_only_missing_from_live_odata_headers,no,4105,Open Order
test_only,ORD00885427,24.0,MSG226BK06,2026-07-27,2026-07-27,SalesTableCDREntities,2026-07-27,yes,yes,no,test_only_missing_from_live_odata_headers,no,4105,Open Order
test_only,ORD00885427,25.0,GLCS24RD12,2026-07-27,2026-07-27,SalesTableCDREntities,2026-07-27,yes,yes,no,test_only_missing_from_live_odata_headers,no,4105,Open Order
test_only,ORD00885427,26.0,MSG2357AL6,2026-07-27,2026-07-27,SalesTableCDREntities,2026-07-27,yes,yes,no,test_only_missing_from_live_odata_headers,no,4105,Open Order
test_only,ORD00885427,27.0,MSG2327BK6,2026-07-27,2026-07-27,SalesTableCDREntities,2026-07-27,yes,yes,no,test_only_missing_from_live_odata_headers,no,4105,Open Order
test_only,ORD00885427,28.0,MSG2344WH6,2026-07-27,2026-07-27,SalesTableCDREntities,2026-07-27,yes,yes,no,test_only_missing_from_live_odata_headers,no,4105,Open Order
test_only,ORD00885427,29.0,MSG234WD06,2026-07-27,2026-07-27,SalesTableCDREntities,2026-07-27,yes,yes,no,test_only_missing_from_live_odata_headers,no,4105,Open Order
test_only,ORD00885427,3.0,MSG235WH06,2026-07-27,2026-07-27,SalesTableCDREntities,2026-07-27,yes,yes,no,test_only_missing_from_live_odata_headers,no,4105,Open Order
test_only,ORD00885427,30.0,MSG2247WH6,2026-07-27,2026-07-27,SalesTableCDREntities,2026-07-27,yes,yes,no,test_only_missing_from_live_odata_headers,no,4105,Open Order
test_only,ORD00885427,31.0,MSG2327WH6,2026-07-27,2026-07-27,SalesTableCDREntities,2026-07-27,yes,yes,no,test_only_missing_from_live_odata_headers,no,4105,Open Order
test_only,ORD00885427,32.0,MSG235WD06,2026-07-27,2026-07-27,SalesTableCDREntities,2026-07-27,yes,yes,no,test_only_missing_from_live_odata_headers,no,4105,Open Order
test_only,ORD00885427,33.0,MSG235WH06,2026-07-27,2026-07-27,SalesTableCDREntities,2026-07-27,yes,yes,no,test_only_missing_from_live_odata_headers,no,4105,Open Order
test_only,ORD00885427,34.0,MSG2354BK6,2026-07-27,2026-07-27,SalesTableCDREntities,2026-07-27,yes,yes,no,test_only_missing_from_live_odata_headers,no,4105,Open Order
test_only,ORD00885427,35.0,MSG234BK06,2026-07-27,2026-07-27,SalesTableCDREntities,2026-07-27,yes,yes,no,test_only_missing_from_live_odata_headers,no,4105,Open Order
test_only,ORD00885427,36.0,MSG234WH06,2026-07-27,2026-07-27,SalesTableCDREntities,2026-07-27,yes,yes,no,test_only_missing_from_live_odata_headers,no,4105,Open Order
test_only,ORD00885427,37.0,MSG224WD06,2026-07-27,2026-07-27,SalesTableCDREntities,2026-07-27,yes,yes,no,test_only_missing_from_live_odata_headers,no,4105,Open Order
test_only,ORD00885427,38.0,MSG2327AL6,2026-07-27,2026-07-27,SalesTableCDREntities,2026-07-27,yes,yes,no,test_only_missing_from_live_odata_headers,no,4105,Open Order
test_only,ORD00885427,39.0,MSG2337WH6,2026-07-27,2026-07-27,SalesTableCDREntities,2026-07-27,yes,yes,no,test_only_missing_from_live_odata_headers,no,4105,Open Order
test_only,ORD00885427,4.0,MSG2357AL6,2026-07-27,2026-07-27,SalesTableCDREntities,2026-07-27,yes,yes,no,test_only_missing_from_live_odata_headers,no,4105,Open Order
test_only,ORD00885427,40.0,MSG2347WH6,2026-07-27,2026-07-27,SalesTableCDREntities,2026-07-27,yes,yes,no,test_only_missing_from_live_odata_headers,no,4105,Open Order
test_only,ORD00885427,41.0,MSG2334WH6,2026-07-27,2026-07-27,SalesTableCDREntities,2026-07-27,yes,yes,no,test_only_missing_from_live_odata_headers,no,4105,Open Order
test_only,ORD00885427,42.0,MSG2334AL6,2026-07-27,2026-07-27,SalesTableCDREntities,2026-07-27,yes,yes,no,test_only_missing_from_live_odata_headers,no,4105,Open Order
test_only,ORD00885427,43.0,RDCLNGD486,2026-07-27,2026-07-27,SalesTableCDREntities,2026-07-27,yes,yes,no,test_only_missing_from_live_odata_headers,no,4105,Open Order
test_only,ORD00885427,44.0,SOCO72WD06,2026-07-27,2026-07-27,SalesTableCDREntities,2026-07-27,yes,yes,no,test_only_missing_from_live_odata_headers,no,4105,Open Order
test_only,ORD00885427,45.0,MSG226BK06,2026-07-27,2026-07-27,SalesTableCDREntities,2026-07-27,yes,yes,no,test_only_missing_from_live_odata_headers,no,4105,Open Order
test_only,ORD00885427,46.0,MSG232BK06,2026-07-27,2026-07-27,SalesTableCDREntities,2026-07-27,yes,yes,no,test_only_missing_from_live_odata_headers,no,4105,Open Order
test_only,ORD00885427,47.0,MSG232WH06,2026-07-27,2026-07-27,SalesTableCDREntities,2026-07-27,yes,yes,no,test_only_missing_from_live_odata_headers,no,4105,Open Order
test_only,ORD00885427,48.0,ANFTMBBK12,2026-07-27,2026-07-27,SalesTableCDREntities,2026-07-27,yes,yes,no,test_only_missing_from_live_odata_headers,no,4105,Open Order
test_only,ORD00885427,49.0,CL6P84IV06,2026-07-27,2026-07-27,SalesTableCDREntities,2026-07-27,yes,yes,no,test_only_missing_from_live_odata_headers,no,4105,Open Order
test_only,ORD00885427,5.0,MSG2327BK6,2026-07-27,2026-07-27,SalesTableCDREntities,2026-07-27,yes,yes,no,test_only_missing_from_live_odata_headers,no,4105,Open Order
test_only,ORD00885427,50.0,GLCS24RD12,2026-07-27,2026-07-27,SalesTableCDREntities,2026-07-27,yes,yes,no,test_only_missing_from_live_odata_headers,no,4105,Open Order
test_only,ORD00885427,6.0,MSG2354BK6,2026-07-27,2026-07-27,SalesTableCDREntities,2026-07-27,yes,yes,no,test_only_missing_from_live_odata_headers,no,4105,Open Order
test_only,ORD00885427,7.0,MSG234BK06,2026-07-27,2026-07-27,SalesTableCDREntities,2026-07-27,yes,yes,no,test_only_missing_from_live_odata_headers,no,4105,Open Order
test_only,ORD00885427,8.0,MSG234WH06,2026-07-27,2026-07-27,SalesTableCDREntities,2026-07-27,yes,yes,no,test_only_missing_from_live_odata_headers,no,4105,Open Order
test_only,ORD00885427,9.0,MSG2344WH6,2026-07-27,2026-07-27,SalesTableCDREntities,2026-07-27,yes,yes,no,test_only_missing_from_live_odata_headers,no,4105,Open Order
test_only,ORD00885462,1.0,SOCO72WH06,2026-07-27,2026-07-27,SalesTableCDREntities,2026-07-27,yes,yes,no,test_only_missing_from_live_odata_headers,no,4105,Open Order
test_only,ORD00885462,10.0,123CO36B24,2026-07-27,2026-07-27,SalesTableCDREntities,2026-07-27,yes,yes,no,test_only_missing_from_live_odata_headers,no,4105,Open Order
test_only,ORD00885462,11.0,TRS736WH06,2026-07-27,2026-07-27,SalesTableCDREntities,2026-07-27,yes,yes,no,test_only_missing_from_live_odata_headers,no,4105,Open Order
test_only,ORD00885462,12.0,MSG2474WH4,2026-07-27,2026-07-27,SalesTableCDREntities,2026-07-27,yes,yes,no,test_only_missing_from_live_odata_headers,no,4105,Open Order
test_only,ORD00885462,13.0,MSG2464WH4,2026-07-27,2026-07-27,SalesTableCDREntities,2026-07-27,yes,yes,no,test_only_missing_from_live_odata_headers,no,4105,Open Order
test_only,ORD00885462,14.0,MSG248AL04,2026-07-27,2026-07-27,SalesTableCDREntities,2026-07-27,yes,yes,no,test_only_missing_from_live_odata_headers,no,4105,Open Order
test_only,ORD00885462,15.0,MSG242WD04,2026-07-27,2026-07-27,SalesTableCDREntities,2026-07-27,yes,yes,no,test_only_missing_from_live_odata_headers,no,4105,Open Order
test_only,ORD00885462,16.0,MSG2454WH4,2026-07-27,2026-07-27,SalesTableCDREntities,2026-07-27,yes,yes,no,test_only_missing_from_live_odata_headers,no,4105,Open Order
test_only,ORD00885462,17.0,MSG237WH04,2026-07-27,2026-07-27,SalesTableCDREntities,2026-07-27,yes,yes,no,test_only_missing_from_live_odata_headers,no,4105,Open Order
test_only,ORD00885462,18.0,MSG241WH04,2026-07-27,2026-07-27,SalesTableCDREntities,2026-07-27,yes,yes,no,test_only_missing_from_live_odata_headers,no,4105,Open Order
test_only,ORD00885462,19.0,MSG2327BK6,2026-07-27,2026-07-27,SalesTableCDREntities,2026-07-27,yes,yes,no,test_only_missing_from_live_odata_headers,no,4105,Open Order
test_only,ORD00885462,2.0,PVVPLALB02,2026-07-27,2026-07-27,SalesTableCDREntities,2026-07-27,yes,yes,no,test_only_missing_from_live_odata_headers,no,4105,Open Order
test_only,ORD00885462,20.0,MSG230AL06,2026-07-27,2026-07-27,SalesTableCDREntities,2026-07-27,yes,yes,no,test_only_missing_from_live_odata_headers,no,4105,Open Order
test_only,ORD00885462,21.0,MSG231WH06,2026-07-27,2026-07-27,SalesTableCDREntities,2026-07-27,yes,yes,no,test_only_missing_from_live_odata_headers,no,4105,Open Order
test_only,ORD00885462,22.0,MSG2317BK6,2026-07-27,2026-07-27,SalesTableCDREntities,2026-07-27,yes,yes,no,test_only_missing_from_live_odata_headers,no,4105,Open Order
test_only,ORD00885462,23.0,MSG233AL06,2026-07-27,2026-07-27,SalesTableCDREntities,2026-07-27,yes,yes,no,test_only_missing_from_live_odata_headers,no,4105,Open Order
test_only,ORD00885462,24.0,MSG232WD06,2026-07-27,2026-07-27,SalesTableCDREntities,2026-07-27,yes,yes,no,test_only_missing_from_live_odata_headers,no,4105,Open Order
test_only,ORD00885462,25.0,MSG2334BK6,2026-07-27,2026-07-27,SalesTableCDREntities,2026-07-27,yes,yes,no,test_only_missing_from_live_odata_headers,no,4105,Open Order
test_only,ORD00885462,26.0,MSG230AL06,2026-07-27,2026-07-27,SalesTableCDREntities,2026-07-27,yes,yes,no,test_only_missing_from_live_odata_headers,no,4105,Open Order
test_only,ORD00885462,27.0,MSG230AL06,2026-07-27,2026-07-27,SalesTableCDREntities,2026-07-27,yes,yes,no,test_only_missing_from_live_odata_headers,no,4105,Open Order
test_only,ORD00885462,28.0,MSG2247WH6,2026-07-27,2026-07-27,SalesTableCDREntities,2026-07-27,yes,yes,no,test_only_missing_from_live_odata_headers,no,4105,Open Order
test_only,ORD00885462,29.0,MSG225WH06,2026-07-27,2026-07-27,SalesTableCDREntities,2026-07-27,yes,yes,no,test_only_missing_from_live_odata_headers,no,4105,Open Order
test_only,ORD00885462,3.0,PVVRBWHT02,2026-07-27,2026-07-27,SalesTableCDREntities,2026-07-27,yes,yes,no,test_only_missing_from_live_odata_headers,no,4105,Open Order
test_only,ORD00885462,30.0,MSG245WH04,2026-07-27,2026-07-27,SalesTableCDREntities,2026-07-27,yes,yes,no,test_only_missing_from_live_odata_headers,no,4105,Open Order
test_only,ORD00885462,31.0,PVVPLALB02,2026-07-27,2026-07-27,SalesTableCDREntities,2026-07-27,yes,yes,no,test_only_missing_from_live_odata_headers,no,4105,Open Order
test_only,ORD00885462,32.0,PVVRBWHT02,2026-07-27,2026-07-27,SalesTableCDREntities,2026-07-27,yes,yes,no,test_only_missing_from_live_odata_headers,no,4105,Open Order
test_only,ORD00885462,33.0,MSG270WH04,2026-07-27,2026-07-27,SalesTableCDREntities,2026-07-27,yes,yes,no,test_only_missing_from_live_odata_headers,no,4105,Open Order
test_only,ORD00885462,34.0,SOCO72WH06,2026-07-27,2026-07-27,SalesTableCDREntities,2026-07-27,yes,yes,no,test_only_missing_from_live_odata_headers,no,4105,Open Order
test_only,ORD00885462,35.0,MSG270AL04,2026-07-27,2026-07-27,SalesTableCDREntities,2026-07-27,yes,yes,no,test_only_missing_from_live_odata_headers,no,4105,Open Order
test_only,ORD00885462,36.0,MSG271WH04,2026-07-27,2026-07-27,SalesTableCDREntities,2026-07-27,yes,yes,no,test_only_missing_from_live_odata_headers,no,4105,Open Order
test_only,ORD00885462,37.0,PVVPLALB02,2026-07-27,2026-07-27,SalesTableCDREntities,2026-07-27,yes,yes,no,test_only_missing_from_live_odata_headers,no,4105,Open Order
test_only,ORD00885462,38.0,SOCO60WD06,2026-07-27,2026-07-27,SalesTableCDREntities,2026-07-27,yes,yes,no,test_only_missing_from_live_odata_headers,no,4105,Open Order
test_only,ORD00885462,39.0,VRCO60DA06,2026-07-27,2026-07-27,SalesTableCDREntities,2026-07-27,yes,yes,no,test_only_missing_from_live_odata_headers,no,4105,Open Order
test_only,ORD00885462,4.0,MSG270AL04,2026-07-27,2026-07-27,SalesTableCDREntities,2026-07-27,yes,yes,no,test_only_missing_from_live_odata_headers,no,4105,Open Order
test_only,ORD00885462,40.0,123CO36B24,2026-07-27,2026-07-27,SalesTableCDREntities,2026-07-27,yes,yes,no,test_only_missing_from_live_odata_headers,no,4105,Open Order
test_only,ORD00885462,41.0,TRS736WH06,2026-07-27,2026-07-27,SalesTableCDREntities,2026-07-27,yes,yes,no,test_only_missing_from_live_odata_headers,no,4105,Open Order
test_only,ORD00885462,42.0,MSG2464WH4,2026-07-27,2026-07-27,SalesTableCDREntities,2026-07-27,yes,yes,no,test_only_missing_from_live_odata_headers,no,4105,Open Order
test_only,ORD00885462,43.0,MSG242WD04,2026-07-27,2026-07-27,SalesTableCDREntities,2026-07-27,yes,yes,no,test_only_missing_from_live_odata_headers,no,4105,Open Order
test_only,ORD00885462,44.0,MSG2454WH4,2026-07-27,2026-07-27,SalesTableCDREntities,2026-07-27,yes,yes,no,test_only_missing_from_live_odata_headers,no,4105,Open Order
test_only,ORD00885462,45.0,MSG230AL06,2026-07-27,2026-07-27,SalesTableCDREntities,2026-07-27,yes,yes,no,test_only_missing_from_live_odata_headers,no,4105,Open Order
test_only,ORD00885462,46.0,MSG233AL06,2026-07-27,2026-07-27,SalesTableCDREntities,2026-07-27,yes,yes,no,test_only_missing_from_live_odata_headers,no,4105,Open Order
test_only,ORD00885462,47.0,MSG2247WH6,2026-07-27,2026-07-27,SalesTableCDREntities,2026-07-27,yes,yes,no,test_only_missing_from_live_odata_headers,no,4105,Open Order
test_only,ORD00885462,48.0,MSG2474WH4,2026-07-27,2026-07-27,SalesTableCDREntities,2026-07-27,yes,yes,no,test_only_missing_from_live_odata_headers,no,4105,Open Order
test_only,ORD00885462,49.0,MSG248AL04,2026-07-27,2026-07-27,SalesTableCDREntities,2026-07-27,yes,yes,no,test_only_missing_from_live_odata_headers,no,4105,Open Order
test_only,ORD00885462,5.0,MSG271WH04,2026-07-27,2026-07-27,SalesTableCDREntities,2026-07-27,yes,yes,no,test_only_missing_from_live_odata_headers,no,4105,Open Order
test_only,ORD00885462,50.0,MSG237WH04,2026-07-27,2026-07-27,SalesTableCDREntities,2026-07-27,yes,yes,no,test_only_missing_from_live_odata_headers,no,4105,Open Order
test_only,ORD00885462,51.0,MSG241WH04,2026-07-27,2026-07-27,SalesTableCDREntities,2026-07-27,yes,yes,no,test_only_missing_from_live_odata_headers,no,4105,Open Order
test_only,ORD00885462,52.0,MSG2327BK6,2026-07-27,2026-07-27,SalesTableCDREntities,2026-07-27,yes,yes,no,test_only_missing_from_live_odata_headers,no,4105,Open Order
test_only,ORD00885462,53.0,MSG231WH06,2026-07-27,2026-07-27,SalesTableCDREntities,2026-07-27,yes,yes,no,test_only_missing_from_live_odata_headers,no,4105,Open Order
test_only,ORD00885462,54.0,MSG2317BK6,2026-07-27,2026-07-27,SalesTableCDREntities,2026-07-27,yes,yes,no,test_only_missing_from_live_odata_headers,no,4105,Open Order
test_only,ORD00885462,55.0,MSG232WD06,2026-07-27,2026-07-27,SalesTableCDREntities,2026-07-27,yes,yes,no,test_only_missing_from_live_odata_headers,no,4105,Open Order
test_only,ORD00885462,56.0,MSG2334BK6,2026-07-27,2026-07-27,SalesTableCDREntities,2026-07-27,yes,yes,no,test_only_missing_from_live_odata_headers,no,4105,Open Order
test_only,ORD00885462,57.0,MSG230AL06,2026-07-27,2026-07-27,SalesTableCDREntities,2026-07-27,yes,yes,no,test_only_missing_from_live_odata_headers,no,4105,Open Order
test_only,ORD00885462,58.0,MSG230AL06,2026-07-27,2026-07-27,SalesTableCDREntities,2026-07-27,yes,yes,no,test_only_missing_from_live_odata_headers,no,4105,Open Order
test_only,ORD00885462,59.0,MSG225WH06,2026-07-27,2026-07-27,SalesTableCDREntities,2026-07-27,yes,yes,no,test_only_missing_from_live_odata_headers,no,4105,Open Order
test_only,ORD00885462,6.0,MSG270WH04,2026-07-27,2026-07-27,SalesTableCDREntities,2026-07-27,yes,yes,no,test_only_missing_from_live_odata_headers,no,4105,Open Order
test_only,ORD00885462,60.0,MSG245WH04,2026-07-27,2026-07-27,SalesTableCDREntities,2026-07-27,yes,yes,no,test_only_missing_from_live_odata_headers,no,4105,Open Order
test_only,ORD00885462,7.0,PVVPLALB02,2026-07-27,2026-07-27,SalesTableCDREntities,2026-07-27,yes,yes,no,test_only_missing_from_live_odata_headers,no,4105,Open Order
test_only,ORD00885462,8.0,VRCO60DA06,2026-07-27,2026-07-27,SalesTableCDREntities,2026-07-27,yes,yes,no,test_only_missing_from_live_odata_headers,no,4105,Open Order
test_only,ORD00885462,9.0,SOCO60WD06,2026-07-27,2026-07-27,SalesTableCDREntities,2026-07-27,yes,yes,no,test_only_missing_from_live_odata_headers,no,4105,Open Order
test_only,ORD00885496,1.0,SOCO72WD06,2026-07-27,2026-07-27,SalesTableCDREntities,2026-07-27,yes,yes,no,test_only_missing_from_live_odata_headers,no,4105,Open Order
test_only,ORD00885496,10.0,MSG2344WH6,2026-07-27,2026-07-27,SalesTableCDREntities,2026-07-27,yes,yes,no,test_only_missing_from_live_odata_headers,no,4105,Open Order
test_only,ORD00885496,11.0,MSG2334WH6,2026-07-27,2026-07-27,SalesTableCDREntities,2026-07-27,yes,yes,no,test_only_missing_from_live_odata_headers,no,4105,Open Order
test_only,ORD00885496,12.0,MSG2344BK6,2026-07-27,2026-07-27,SalesTableCDREntities,2026-07-27,yes,yes,no,test_only_missing_from_live_odata_headers,no,4105,Open Order
test_only,ORD00885496,13.0,MSG2354BK6,2026-07-27,2026-07-27,SalesTableCDREntities,2026-07-27,yes,yes,no,test_only_missing_from_live_odata_headers,no,4105,Open Order
test_only,ORD00885496,14.0,MSG2357WH6,2026-07-27,2026-07-27,SalesTableCDREntities,2026-07-27,yes,yes,no,test_only_missing_from_live_odata_headers,no,4105,Open Order
test_only,ORD00885496,15.0,MSG224WD06,2026-07-27,2026-07-27,SalesTableCDREntities,2026-07-27,yes,yes,no,test_only_missing_from_live_odata_headers,no,4105,Open Order
test_only,ORD00885496,16.0,MSG22342W6,2026-07-27,2026-07-27,SalesTableCDREntities,2026-07-27,yes,yes,no,test_only_missing_from_live_odata_headers,no,4105,Open Order
test_only,ORD00885496,17.0,MSG2234BK6,2026-07-27,2026-07-27,SalesTableCDREntities,2026-07-27,yes,yes,no,test_only_missing_from_live_odata_headers,no,4105,Open Order
test_only,ORD00885496,18.0,MSG222WH06,2026-07-27,2026-07-27,SalesTableCDREntities,2026-07-27,yes,yes,no,test_only_missing_from_live_odata_headers,no,4105,Open Order
test_only,ORD00885496,19.0,MSG225WH06,2026-07-27,2026-07-27,SalesTableCDREntities,2026-07-27,yes,yes,no,test_only_missing_from_live_odata_headers,no,4105,Open Order
test_only,ORD00885496,2.0,SOCO72WH06,2026-07-27,2026-07-27,SalesTableCDREntities,2026-07-27,yes,yes,no,test_only_missing_from_live_odata_headers,no,4105,Open Order
test_only,ORD00885496,20.0,MSG229GY06,2026-07-27,2026-07-27,SalesTableCDREntities,2026-07-27,yes,yes,no,test_only_missing_from_live_odata_headers,no,4105,Open Order
test_only,ORD00885496,21.0,MSG232GY06,2026-07-27,2026-07-27,SalesTableCDREntities,2026-07-27,yes,yes,no,test_only_missing_from_live_odata_headers,no,4105,Open Order
test_only,ORD00885496,22.0,MSG2357GY6,2026-07-27,2026-07-27,SalesTableCDREntities,2026-07-27,yes,yes,no,test_only_missing_from_live_odata_headers,no,4105,Open Order
test_only,ORD00885496,23.0,MSG2237AL6,2026-07-27,2026-07-27,SalesTableCDREntities,2026-07-27,yes,yes,no,test_only_missing_from_live_odata_headers,no,4105,Open Order
test_only,ORD00885496,24.0,MSG226BK06,2026-07-27,2026-07-27,SalesTableCDREntities,2026-07-27,yes,yes,no,test_only_missing_from_live_odata_headers,no,4105,Open Order
test_only,ORD00885496,25.0,MSG223WD06,2026-07-27,2026-07-27,SalesTableCDREntities,2026-07-27,yes,yes,no,test_only_missing_from_live_odata_headers,no,4105,Open Order
test_only,ORD00885496,26.0,MSG226AL06,2026-07-27,2026-07-27,SalesTableCDREntities,2026-07-27,yes,yes,no,test_only_missing_from_live_odata_headers,no,4105,Open Order
test_only,ORD00885496,27.0,MSG228WH06,2026-07-27,2026-07-27,SalesTableCDREntities,2026-07-27,yes,yes,no,test_only_missing_from_live_odata_headers,no,4105,Open Order
test_only,ORD00885496,28.0,SOCO72WD06,2026-07-27,2026-07-27,SalesTableCDREntities,2026-07-27,yes,yes,no,test_only_missing_from_live_odata_headers,no,4105,Open Order
test_only,ORD00885496,29.0,SOCO72GY06,2026-07-27,2026-07-27,SalesTableCDREntities,2026-07-27,yes,yes,no,test_only_missing_from_live_odata_headers,no,4105,Open Order
test_only,ORD00885496,3.0,SOCO72GY06,2026-07-27,2026-07-27,SalesTableCDREntities,2026-07-27,yes,yes,no,test_only_missing_from_live_odata_headers,no,4105,Open Order
test_only,ORD00885496,30.0,MSG232WH06,2026-07-27,2026-07-27,SalesTableCDREntities,2026-07-27,yes,yes,no,test_only_missing_from_live_odata_headers,no,4105,Open Order
test_only,ORD00885496,31.0,SOCO72WH06,2026-07-27,2026-07-27,SalesTableCDREntities,2026-07-27,yes,yes,no,test_only_missing_from_live_odata_headers,no,4105,Open Order
test_only,ORD00885496,32.0,MSG271WH04,2026-07-27,2026-07-27,SalesTableCDREntities,2026-07-27,yes,yes,no,test_only_missing_from_live_odata_headers,no,4105,Open Order
test_only,ORD00885496,33.0,MSG272WH04,2026-07-27,2026-07-27,SalesTableCDREntities,2026-07-27,yes,yes,no,test_only_missing_from_live_odata_headers,no,4105,Open Order
test_only,ORD00885496,34.0,MSG2474WH4,2026-07-27,2026-07-27,SalesTableCDREntities,2026-07-27,yes,yes,no,test_only_missing_from_live_odata_headers,no,4105,Open Order
test_only,ORD00885496,35.0,MSG236WH06,2026-07-27,2026-07-27,SalesTableCDREntities,2026-07-27,yes,yes,no,test_only_missing_from_live_odata_headers,no,4105,Open Order
test_only,ORD00885496,36.0,MSG2344WH6,2026-07-27,2026-07-27,SalesTableCDREntities,2026-07-27,yes,yes,no,test_only_missing_from_live_odata_headers,no,4105,Open Order
test_only,ORD00885496,37.0,MSG2344WH6,2026-07-27,2026-07-27,SalesTableCDREntities,2026-07-27,yes,yes,no,test_only_missing_from_live_odata_headers,no,4105,Open Order
test_only,ORD00885496,38.0,MSG2344BK6,2026-07-27,2026-07-27,SalesTableCDREntities,2026-07-27,yes,yes,no,test_only_missing_from_live_odata_headers,no,4105,Open Order
test_only,ORD00885496,39.0,MSG2334WH6,2026-07-27,2026-07-27,SalesTableCDREntities,2026-07-27,yes,yes,no,test_only_missing_from_live_odata_headers,no,4105,Open Order
test_only,ORD00885496,4.0,MSG271WH04,2026-07-27,2026-07-27,SalesTableCDREntities,2026-07-27,yes,yes,no,test_only_missing_from_live_odata_headers,no,4105,Open Order
test_only,ORD00885496,40.0,MSG224WD06,2026-07-27,2026-07-27,SalesTableCDREntities,2026-07-27,yes,yes,no,test_only_missing_from_live_odata_headers,no,4105,Open Order
test_only,ORD00885496,41.0,MSG22342W6,2026-07-27,2026-07-27,SalesTableCDREntities,2026-07-27,yes,yes,no,test_only_missing_from_live_odata_headers,no,4105,Open Order
test_only,ORD00885496,42.0,MSG2234BK6,2026-07-27,2026-07-27,SalesTableCDREntities,2026-07-27,yes,yes,no,test_only_missing_from_live_odata_headers,no,4105,Open Order
test_only,ORD00885496,43.0,MSG222WH06,2026-07-27,2026-07-27,SalesTableCDREntities,2026-07-27,yes,yes,no,test_only_missing_from_live_odata_headers,no,4105,Open Order
test_only,ORD00885496,44.0,MSG225WH06,2026-07-27,2026-07-27,SalesTableCDREntities,2026-07-27,yes,yes,no,test_only_missing_from_live_odata_headers,no,4105,Open Order
test_only,ORD00885496,45.0,MSG229GY06,2026-07-27,2026-07-27,SalesTableCDREntities,2026-07-27,yes,yes,no,test_only_missing_from_live_odata_headers,no,4105,Open Order
test_only,ORD00885496,46.0,MSG2354BK6,2026-07-27,2026-07-27,SalesTableCDREntities,2026-07-27,yes,yes,no,test_only_missing_from_live_odata_headers,no,4105,Open Order
test_only,ORD00885496,47.0,MSG2357WH6,2026-07-27,2026-07-27,SalesTableCDREntities,2026-07-27,yes,yes,no,test_only_missing_from_live_odata_headers,no,4105,Open Order
test_only,ORD00885496,48.0,MSG232GY06,2026-07-27,2026-07-27,SalesTableCDREntities,2026-07-27,yes,yes,no,test_only_missing_from_live_odata_headers,no,4105,Open Order
test_only,ORD00885496,49.0,MSG2357GY6,2026-07-27,2026-07-27,SalesTableCDREntities,2026-07-27,yes,yes,no,test_only_missing_from_live_odata_headers,no,4105,Open Order
test_only,ORD00885496,5.0,MSG272WH04,2026-07-27,2026-07-27,SalesTableCDREntities,2026-07-27,yes,yes,no,test_only_missing_from_live_odata_headers,no,4105,Open Order
test_only,ORD00885496,50.0,MSG2237AL6,2026-07-27,2026-07-27,SalesTableCDREntities,2026-07-27,yes,yes,no,test_only_missing_from_live_odata_headers,no,4105,Open Order
test_only,ORD00885496,51.0,MSG226BK06,2026-07-27,2026-07-27,SalesTableCDREntities,2026-07-27,yes,yes,no,test_only_missing_from_live_odata_headers,no,4105,Open Order
test_only,ORD00885496,52.0,MSG226AL06,2026-07-27,2026-07-27,SalesTableCDREntities,2026-07-27,yes,yes,no,test_only_missing_from_live_odata_headers,no,4105,Open Order
test_only,ORD00885496,53.0,MSG223WD06,2026-07-27,2026-07-27,SalesTableCDREntities,2026-07-27,yes,yes,no,test_only_missing_from_live_odata_headers,no,4105,Open Order
test_only,ORD00885496,54.0,MSG228WH06,2026-07-27,2026-07-27,SalesTableCDREntities,2026-07-27,yes,yes,no,test_only_missing_from_live_odata_headers,no,4105,Open Order
test_only,ORD00885496,6.0,MSG2474WH4,2026-07-27,2026-07-27,SalesTableCDREntities,2026-07-27,yes,yes,no,test_only_missing_from_live_odata_headers,no,4105,Open Order
test_only,ORD00885496,7.0,MSG236WH06,2026-07-27,2026-07-27,SalesTableCDREntities,2026-07-27,yes,yes,no,test_only_missing_from_live_odata_headers,no,4105,Open Order
test_only,ORD00885496,8.0,MSG232WH06,2026-07-27,2026-07-27,SalesTableCDREntities,2026-07-27,yes,yes,no,test_only_missing_from_live_odata_headers,no,4105,Open Order
test_only,ORD00885496,9.0,MSG2344WH6,2026-07-27,2026-07-27,SalesTableCDREntities,2026-07-27,yes,yes,no,test_only_missing_from_live_odata_headers,no,4105,Open Order
test_only,ORD00885705,0.0,FTVGM33245,2026-07-27,2026-07-27,SalesOrderHeadersV3,,yes,no,,no_line_created_odata,no,1841,Canceled
test_only,ORD00885705,0.0,FTVMA42545,2026-07-27,2026-07-27,SalesOrderHeadersV3,,yes,no,,no_line_created_odata,no,1841,Canceled
test_only,ORD00885705,0.0,MSG234WH06,2026-07-27,2026-07-27,SalesOrderHeadersV3,,yes,no,,no_line_created_odata,no,1841,Invoiced
test_only,ORD00886151,0.0,MSG235AL06,2026-07-28,2026-07-28,SalesOrderHeadersV3,,yes,no,,no_line_created_odata,no,00011509,Open Order
test_only,ORD00886151,0.0,MSG235BK06,2026-07-28,2026-07-28,SalesOrderHeadersV3,,yes,no,,no_line_created_odata,no,00011509,Open Order
test_only,ORD00886151,0.0,TRL736WH06,2026-07-28,2026-07-28,SalesOrderHeadersV3,,yes,no,,no_line_created_odata,no,00011509,Canceled
test_only,ORD00886152,1.0,MSG224WH06,2026-07-28,2026-07-28,SalesTableCDREntities,2026-07-28,yes,yes,no,test_only_missing_from_live_odata_headers,no,2854,Open Order
test_only,ORD00886152,2.0,MSG2307WH6,2026-07-28,2026-07-28,SalesTableCDREntities,2026-07-28,yes,yes,no,test_only_missing_from_live_odata_headers,no,2854,Open Order
test_only,ORD00886152,3.0,MSG234WH06,2026-07-28,2026-07-28,SalesTableCDREntities,2026-07-28,yes,yes,no,test_only_missing_from_live_odata_headers,no,2854,Open Order
test_only,ORD00886152,4.0,MSG235WH06,2026-07-28,2026-07-28,SalesTableCDREntities,2026-07-28,yes,yes,no,test_only_missing_from_live_odata_headers,no,2854,Open Order
test_only,ORD00886152,5.0,MSG223WH06,2026-07-28,2026-07-28,SalesTableCDREntities,2026-07-28,yes,yes,no,test_only_missing_from_live_odata_headers,no,2854,Open Order
test_only,ORD00886152,6.0,MSG222WH06,2026-07-28,2026-07-28,SalesTableCDREntities,2026-07-28,yes,yes,no,test_only_missing_from_live_odata_headers,no,2854,Open Order
test_only,ORD00886152,7.0,MSG236WH06,2026-07-28,2026-07-28,SalesTableCDREntities,2026-07-28,yes,yes,no,test_only_missing_from_live_odata_headers,no,2854,Open Order
test_only,ORD00886153,1.0,PCM1830SH6,2026-07-28,2026-07-28,SalesTableCDREntities,2026-07-28,yes,yes,no,test_only_missing_from_live_odata_headers,no,8023,Open Order
test_only,ORD00886154,1.0,MSG2267WH6,2026-07-28,2026-07-28,SalesTableCDREntities,2026-07-28,yes,yes,no,test_only_missing_from_live_odata_headers,no,3050,Open Order
test_only,ORD00886156,0.0,TRL556WH12,2026-07-28,2026-07-28,SalesOrderHeadersV3,,yes,no,,no_line_created_odata,no,3447360,Invoiced
test_only,ORD00886157,1.0,CHCHPDBK14,2026-07-28,2026-07-28,SalesTableCDREntities,2026-07-28,yes,yes,no,test_only_missing_from_live_odata_headers,no,00011247,Open Order
test_only,ORD00886157,10.0,RDMNBK4806,2026-07-28,2026-07-28,SalesTableCDREntities,2026-07-28,yes,yes,no,test_only_missing_from_live_odata_headers,no,00011247,Open Order
test_only,ORD00886157,11.0,RDMNBK6606,2026-07-28,2026-07-28,SalesTableCDREntities,2026-07-28,yes,yes,no,test_only_missing_from_live_odata_headers,no,00011247,Open Order
test_only,ORD00886157,2.0,CHCHPDGY14,2026-07-28,2026-07-28,SalesTableCDREntities,2026-07-28,yes,yes,no,test_only_missing_from_live_odata_headers,no,00011247,Open Order
test_only,ORD00886157,3.0,CHCHPDTN14,2026-07-28,2026-07-28,SalesTableCDREntities,2026-07-28,yes,yes,no,test_only_missing_from_live_odata_headers,no,00011247,Open Order
test_only,ORD00886157,4.0,CHCHPDBU14,2026-07-28,2026-07-28,SalesTableCDREntities,2026-07-28,yes,yes,no,test_only_missing_from_live_odata_headers,no,00011247,Open Order
test_only,ORD00886157,5.0,RUG2X6AS12,2026-07-28,2026-07-28,SalesTableCDREntities,2026-07-28,yes,yes,no,test_only_missing_from_live_odata_headers,no,00011247,Open Order
test_only,ORD00886157,6.0,RUG3X4AS12,2026-07-28,2026-07-28,SalesTableCDREntities,2026-07-28,yes,yes,no,test_only_missing_from_live_odata_headers,no,00011247,Open Order
test_only,ORD00886157,7.0,RDJNM66120,2026-07-28,2026-07-28,SalesTableCDREntities,2026-07-28,yes,yes,no,test_only_missing_from_live_odata_headers,no,00011247,Open Order
test_only,ORD00886157,8.0,RDBAC66120,2026-07-28,2026-07-28,SalesTableCDREntities,2026-07-28,yes,yes,no,test_only_missing_from_live_odata_headers,no,00011247,Open Order
test_only,ORD00886157,9.0,RDJNMH4886,2026-07-28,2026-07-28,SalesTableCDREntities,2026-07-28,yes,yes,no,test_only_missing_from_live_odata_headers,no,00011247,Open Order
test_only,ORD00886159,1.0,RDBHDN6606,2026-07-28,2026-07-28,SalesTableCDREntities,2026-07-28,yes,yes,no,test_only_missing_from_live_odata_headers,no,00011247,Open Order
test_only,ORD00886159,10.0,MSG2327BK6,2026-07-28,2026-07-28,SalesTableCDREntities,2026-07-28,yes,yes,no,test_only_missing_from_live_odata_headers,no,00011247,Open Order
test_only,ORD00886159,11.0,MSG2337WH6,2026-07-28,2026-07-28,SalesTableCDREntities,2026-07-28,yes,yes,no,test_only_missing_from_live_odata_headers,no,00011247,Open Order
test_only,ORD00886159,12.0,RDBACH2848,2026-07-28,2026-07-28,SalesTableCDREntities,2026-07-28,yes,yes,no,test_only_missing_from_live_odata_headers,no,00011247,Open Order
test_only,ORD00886159,13.0,MSG2367AL6,2026-07-28,2026-07-28,SalesTableCDREntities,2026-07-28,yes,yes,no,test_only_missing_from_live_odata_headers,no,00011247,Open Order
test_only,ORD00886159,14.0,MSG2327WH6,2026-07-28,2026-07-28,SalesTableCDREntities,2026-07-28,yes,yes,no,test_only_missing_from_live_odata_headers,no,00011247,Open Order
test_only,ORD00886159,15.0,MSG2317BK6,2026-07-28,2026-07-28,SalesTableCDREntities,2026-07-28,yes,yes,no,test_only_missing_from_live_odata_headers,no,00011247,Open Order
test_only,ORD00886159,16.0,MSG2307WH6,2026-07-28,2026-07-28,SalesTableCDREntities,2026-07-28,yes,yes,no,test_only_missing_from_live_odata_headers,no,00011247,Open Order
test_only,ORD00886159,17.0,MSG2297WH6,2026-07-28,2026-07-28,SalesTableCDREntities,2026-07-28,yes,yes,no,test_only_missing_from_live_odata_headers,no,00011247,Open Order
test_only,ORD00886159,18.0,MSG2317AL6,2026-07-28,2026-07-28,SalesTableCDREntities,2026-07-28,yes,yes,no,test_only_missing_from_live_odata_headers,no,00011247,Open Order
test_only,ORD00886159,19.0,MSG2327AL6,2026-07-28,2026-07-28,SalesTableCDREntities,2026-07-28,yes,yes,no,test_only_missing_from_live_odata_headers,no,00011247,Open Order
test_only,ORD00886159,2.0,RDBHDN4806,2026-07-28,2026-07-28,SalesTableCDREntities,2026-07-28,yes,yes,no,test_only_missing_from_live_odata_headers,no,00011247,Open Order
test_only,ORD00886159,20.0,MSG2287AL6,2026-07-28,2026-07-28,SalesTableCDREntities,2026-07-28,yes,yes,no,test_only_missing_from_live_odata_headers,no,00011247,Open Order
test_only,ORD00886159,21.0,MSG2347BK6,2026-07-28,2026-07-28,SalesTableCDREntities,2026-07-28,yes,yes,no,test_only_missing_from_live_odata_headers,no,00011247,Open Order
test_only,ORD00886159,22.0,RDJNMH2848,2026-07-28,2026-07-28,SalesTableCDREntities,2026-07-28,yes,yes,no,test_only_missing_from_live_odata_headers,no,00011247,Open Order
test_only,ORD00886159,23.0,MSG2357BK6,2026-07-28,2026-07-28,SalesTableCDREntities,2026-07-28,yes,yes,no,test_only_missing_from_live_odata_headers,no,00011247,Open Order
test_only,ORD00886159,24.0,MSG2297BK6,2026-07-28,2026-07-28,SalesTableCDREntities,2026-07-28,yes,yes,no,test_only_missing_from_live_odata_headers,no,00011247,Open Order
test_only,ORD00886159,25.0,MSG2317WH6,2026-07-28,2026-07-28,SalesTableCDREntities,2026-07-28,yes,yes,no,test_only_missing_from_live_odata_headers,no,00011247,Open Order
test_only,ORD00886159,26.0,MSG2347WH6,2026-07-28,2026-07-28,SalesTableCDREntities,2026-07-28,yes,yes,no,test_only_missing_from_live_odata_headers,no,00011247,Open Order
test_only,ORD00886159,27.0,MSG2357AL6,2026-07-28,2026-07-28,SalesTableCDREntities,2026-07-28,yes,yes,no,test_only_missing_from_live_odata_headers,no,00011247,Open Order
test_only,ORD00886159,28.0,MSG2367BK6,2026-07-28,2026-07-28,SalesTableCDREntities,2026-07-28,yes,yes,no,test_only_missing_from_live_odata_headers,no,00011247,Open Order
test_only,ORD00886159,29.0,MSG2357WH6,2026-07-28,2026-07-28,SalesTableCDREntities,2026-07-28,yes,yes,no,test_only_missing_from_live_odata_headers,no,00011247,Open Order
test_only,ORD00886159,3.0,RDBACH4886,2026-07-28,2026-07-28,SalesTableCDREntities,2026-07-28,yes,yes,no,test_only_missing_from_live_odata_headers,no,00011247,Open Order
test_only,ORD00886159,30.0,MSG2367WH6,2026-07-28,2026-07-28,SalesTableCDREntities,2026-07-28,yes,yes,no,test_only_missing_from_live_odata_headers,no,00011247,Open Order
test_only,ORD00886159,4.0,RDBHDN2806,2026-07-28,2026-07-28,SalesTableCDREntities,2026-07-28,yes,yes,no,test_only_missing_from_live_odata_headers,no,00011247,Open Order
test_only,ORD00886159,5.0,RDMNBK2806,2026-07-28,2026-07-28,SalesTableCDREntities,2026-07-28,yes,yes,no,test_only_missing_from_live_odata_headers,no,00011247,Open Order
test_only,ORD00886159,6.0,380-0-PK12,2026-07-28,2026-07-28,SalesTableCDREntities,2026-07-28,yes,yes,no,test_only_missing_from_live_odata_headers,no,00011247,Open Order
test_only,ORD00886159,7.0,MSG2307BK6,2026-07-28,2026-07-28,SalesTableCDREntities,2026-07-28,yes,yes,no,test_only_missing_from_live_odata_headers,no,00011247,Open Order
test_only,ORD00886159,8.0,MSG2297AL6,2026-07-28,2026-07-28,SalesTableCDREntities,2026-07-28,yes,yes,no,test_only_missing_from_live_odata_headers,no,00011247,Open Order
test_only,ORD00886159,9.0,MSG2287WH6,2026-07-28,2026-07-28,SalesTableCDREntities,2026-07-28,yes,yes,no,test_only_missing_from_live_odata_headers,no,00011247,Open Order
test_only,ORD00886254,0.0,AB75DTAC04,2026-07-28,2026-07-28,SalesOrderHeadersV3,,yes,no,,no_line_created_odata,no,472,Invoiced
test_only,ORD00886254,0.0,MSG223GY06,2026-07-28,2026-07-28,SalesOrderHeadersV3,,yes,no,,no_line_created_odata,no,472,Invoiced
test_only,ORD00886371,1.0,AB73TWAC04,2026-07-28,2026-07-28,SalesTableCDREntities,2026-07-28,yes,yes,no,test_only_missing_from_live_odata_headers,no,9025,Open Order
test_only,ORD00886371,10.0,MSG232WD06,2026-07-28,2026-07-28,SalesTableCDREntities,2026-07-28,yes,yes,no,test_only_missing_from_live_odata_headers,no,9025,Open Order
test_only,ORD00886371,11.0,MSG232GY06,2026-07-28,2026-07-28,SalesTableCDREntities,2026-07-28,yes,yes,no,test_only_missing_from_live_odata_headers,no,9025,Open Order
test_only,ORD00886371,12.0,AB73TWAC04,2026-07-28,2026-07-28,SalesTableCDREntities,2026-07-28,yes,yes,no,test_only_missing_from_live_odata_headers,no,9025,Open Order
test_only,ORD00886371,13.0,MSG223GY06,2026-07-28,2026-07-28,SalesTableCDREntities,2026-07-28,yes,yes,no,test_only_missing_from_live_odata_headers,no,9025,Open Order
test_only,ORD00886371,14.0,MSG237AL04,2026-07-28,2026-07-28,SalesTableCDREntities,2026-07-28,yes,yes,no,test_only_missing_from_live_odata_headers,no,9025,Open Order
test_only,ORD00886371,15.0,MSG232WH06,2026-07-28,2026-07-28,SalesTableCDREntities,2026-07-28,yes,yes,no,test_only_missing_from_live_odata_headers,no,9025,Open Order
test_only,ORD00886371,16.0,MSG231WH06,2026-07-28,2026-07-28,SalesTableCDREntities,2026-07-28,yes,yes,no,test_only_missing_from_live_odata_headers,no,9025,Open Order
test_only,ORD00886371,2.0,MSG223GY06,2026-07-28,2026-07-28,SalesTableCDREntities,2026-07-28,yes,yes,no,test_only_missing_from_live_odata_headers,no,9025,Open Order
test_only,ORD00886371,3.0,MSG237AL04,2026-07-28,2026-07-28,SalesTableCDREntities,2026-07-28,yes,yes,no,test_only_missing_from_live_odata_headers,no,9025,Open Order
test_only,ORD00886371,4.0,MSG232WH06,2026-07-28,2026-07-28,SalesTableCDREntities,2026-07-28,yes,yes,no,test_only_missing_from_live_odata_headers,no,9025,Open Order
test_only,ORD00886371,5.0,MSG231WH06,2026-07-28,2026-07-28,SalesTableCDREntities,2026-07-28,yes,yes,no,test_only_missing_from_live_odata_headers,no,9025,Open Order
test_only,ORD00886371,6.0,MSG227WH06,2026-07-28,2026-07-28,SalesTableCDREntities,2026-07-28,yes,yes,no,test_only_missing_from_live_odata_headers,no,9025,Open Order
test_only,ORD00886371,7.0,MSG232WD06,2026-07-28,2026-07-28,SalesTableCDREntities,2026-07-28,yes,yes,no,test_only_missing_from_live_odata_headers,no,9025,Open Order
test_only,ORD00886371,8.0,MSG232GY06,2026-07-28,2026-07-28,SalesTableCDREntities,2026-07-28,yes,yes,no,test_only_missing_from_live_odata_headers,no,9025,Open Order
test_only,ORD00886371,9.0,MSG227WH06,2026-07-28,2026-07-28,SalesTableCDREntities,2026-07-28,yes,yes,no,test_only_missing_from_live_odata_headers,no,9025,Open Order
test_only,ORD00886372,1.0,MSG231WD06,2026-07-28,2026-07-28,SalesTableCDREntities,2026-07-28,yes,yes,no,test_only_missing_from_live_odata_headers,no,308,Open Order
test_only,ORD00886372,2.0,MSG235WD06,2026-07-28,2026-07-28,SalesTableCDREntities,2026-07-28,yes,yes,no,test_only_missing_from_live_odata_headers,no,308,Open Order
test_only,ORD00886372,3.0,MSG233WD06,2026-07-28,2026-07-28,SalesTableCDREntities,2026-07-28,yes,yes,no,test_only_missing_from_live_odata_headers,no,308,Open Order
test_only,ORD00886372,4.0,MSG234WD06,2026-07-28,2026-07-28,SalesTableCDREntities,2026-07-28,yes,yes,no,test_only_missing_from_live_odata_headers,no,308,Open Order
test_only,ORD00886372,5.0,MSG228WD06,2026-07-28,2026-07-28,SalesTableCDREntities,2026-07-28,yes,yes,no,test_only_missing_from_live_odata_headers,no,308,Open Order
test_only,ORD00886819,1.0,ANFTMCFE12,2026-07-29,2026-07-29,SalesTableCDREntities,2026-07-29,yes,yes,no,test_only_missing_from_live_odata_headers,no,4105,Open Order
test_only,ORD00886819,10.0,MSG259WH04,2026-07-29,2026-07-29,SalesTableCDREntities,2026-07-29,yes,yes,no,test_only_missing_from_live_odata_headers,no,4105,Open Order
test_only,ORD00886819,11.0,MSG248WD04,2026-07-29,2026-07-29,SalesTableCDREntities,2026-07-29,yes,yes,no,test_only_missing_from_live_odata_headers,no,4105,Open Order
test_only,ORD00886819,12.0,MSG252WH04,2026-07-29,2026-07-29,SalesTableCDREntities,2026-07-29,yes,yes,no,test_only_missing_from_live_odata_headers,no,4105,Open Order
test_only,ORD00886819,13.0,MSG2464WH4,2026-07-29,2026-07-29,SalesTableCDREntities,2026-07-29,yes,yes,no,test_only_missing_from_live_odata_headers,no,4105,Open Order
test_only,ORD00886819,14.0,MSG2452WH4,2026-07-29,2026-07-29,SalesTableCDREntities,2026-07-29,yes,yes,no,test_only_missing_from_live_odata_headers,no,4105,Open Order
test_only,ORD00886819,15.0,MSG2474WH4,2026-07-29,2026-07-29,SalesTableCDREntities,2026-07-29,yes,yes,no,test_only_missing_from_live_odata_headers,no,4105,Open Order
test_only,ORD00886819,16.0,MSG272AL04,2026-07-29,2026-07-29,SalesTableCDREntities,2026-07-29,yes,yes,no,test_only_missing_from_live_odata_headers,no,4105,Open Order
test_only,ORD00886819,17.0,MFG234WH02,2026-07-29,2026-07-29,SalesTableCDREntities,2026-07-29,yes,yes,no,test_only_missing_from_live_odata_headers,no,4105,Open Order
test_only,ORD00886819,18.0,MSG271WH04,2026-07-29,2026-07-29,SalesTableCDREntities,2026-07-29,yes,yes,no,test_only_missing_from_live_odata_headers,no,4105,Open Order
test_only,ORD00886819,19.0,PVVPLWHT02,2026-07-29,2026-07-29,SalesTableCDREntities,2026-07-29,yes,yes,no,test_only_missing_from_live_odata_headers,no,4105,Open Order
test_only,ORD00886819,2.0,VRCO60DA06,2026-07-29,2026-07-29,SalesTableCDREntities,2026-07-29,yes,yes,no,test_only_missing_from_live_odata_headers,no,4105,Open Order
test_only,ORD00886819,20.0,PVVRBALB02,2026-07-29,2026-07-29,SalesTableCDREntities,2026-07-29,yes,yes,no,test_only_missing_from_live_odata_headers,no,4105,Open Order
test_only,ORD00886819,21.0,PVVPLALB02,2026-07-29,2026-07-29,SalesTableCDREntities,2026-07-29,yes,yes,no,test_only_missing_from_live_odata_headers,no,4105,Open Order
test_only,ORD00886819,22.0,PVVRBWHT02,2026-07-29,2026-07-29,SalesTableCDREntities,2026-07-29,yes,yes,no,test_only_missing_from_live_odata_headers,no,4105,Open Order
test_only,ORD00886819,23.0,MSG270WH04,2026-07-29,2026-07-29,SalesTableCDREntities,2026-07-29,yes,yes,no,test_only_missing_from_live_odata_headers,no,4105,Open Order
test_only,ORD00886819,24.0,MSG2704WH4,2026-07-29,2026-07-29,SalesTableCDREntities,2026-07-29,yes,yes,no,test_only_missing_from_live_odata_headers,no,4105,Open Order
test_only,ORD00886819,25.0,MSG272WH04,2026-07-29,2026-07-29,SalesTableCDREntities,2026-07-29,yes,yes,no,test_only_missing_from_live_odata_headers,no,4105,Open Order
test_only,ORD00886819,26.0,VRCO72DA06,2026-07-29,2026-07-29,SalesTableCDREntities,2026-07-29,yes,yes,no,test_only_missing_from_live_odata_headers,no,4105,Open Order
test_only,ORD00886819,27.0,SOCO72GY06,2026-07-29,2026-07-29,SalesTableCDREntities,2026-07-29,yes,yes,no,test_only_missing_from_live_odata_headers,no,4105,Open Order
test_only,ORD00886819,28.0,MSG245WH04,2026-07-29,2026-07-29,SalesTableCDREntities,2026-07-29,yes,yes,no,test_only_missing_from_live_odata_headers,no,4105,Open Order
test_only,ORD00886819,29.0,ANFTMCFE12,2026-07-29,2026-07-29,SalesTableCDREntities,2026-07-29,yes,yes,no,test_only_missing_from_live_odata_headers,no,4105,Open Order
test_only,ORD00886819,3.0,VRCO72DA06,2026-07-29,2026-07-29,SalesTableCDREntities,2026-07-29,yes,yes,no,test_only_missing_from_live_odata_headers,no,4105,Open Order
test_only,ORD00886819,30.0,VRCO60DA06,2026-07-29,2026-07-29,SalesTableCDREntities,2026-07-29,yes,yes,no,test_only_missing_from_live_odata_headers,no,4105,Open Order
test_only,ORD00886819,31.0,SOCO72WD06,2026-07-29,2026-07-29,SalesTableCDREntities,2026-07-29,yes,yes,no,test_only_missing_from_live_odata_headers,no,4105,Open Order
test_only,ORD00886819,32.0,SOCO72WH06,2026-07-29,2026-07-29,SalesTableCDREntities,2026-07-29,yes,yes,no,test_only_missing_from_live_odata_headers,no,4105,Open Order
test_only,ORD00886819,33.0,VRCO72CA06,2026-07-29,2026-07-29,SalesTableCDREntities,2026-07-29,yes,yes,no,test_only_missing_from_live_odata_headers,no,4105,Open Order
test_only,ORD00886819,34.0,MSG2454WH4,2026-07-29,2026-07-29,SalesTableCDREntities,2026-07-29,yes,yes,no,test_only_missing_from_live_odata_headers,no,4105,Open Order
test_only,ORD00886819,35.0,MSG259WH04,2026-07-29,2026-07-29,SalesTableCDREntities,2026-07-29,yes,yes,no,test_only_missing_from_live_odata_headers,no,4105,Open Order
test_only,ORD00886819,36.0,MSG248WD04,2026-07-29,2026-07-29,SalesTableCDREntities,2026-07-29,yes,yes,no,test_only_missing_from_live_odata_headers,no,4105,Open Order
test_only,ORD00886819,37.0,MSG252WH04,2026-07-29,2026-07-29,SalesTableCDREntities,2026-07-29,yes,yes,no,test_only_missing_from_live_odata_headers,no,4105,Open Order
test_only,ORD00886819,38.0,MSG2464WH4,2026-07-29,2026-07-29,SalesTableCDREntities,2026-07-29,yes,yes,no,test_only_missing_from_live_odata_headers,no,4105,Open Order
test_only,ORD00886819,39.0,MSG2452WH4,2026-07-29,2026-07-29,SalesTableCDREntities,2026-07-29,yes,yes,no,test_only_missing_from_live_odata_headers,no,4105,Open Order
test_only,ORD00886819,4.0,SOCO72GY06,2026-07-29,2026-07-29,SalesTableCDREntities,2026-07-29,yes,yes,no,test_only_missing_from_live_odata_headers,no,4105,Open Order
test_only,ORD00886819,40.0,MSG272AL04,2026-07-29,2026-07-29,SalesTableCDREntities,2026-07-29,yes,yes,no,test_only_missing_from_live_odata_headers,no,4105,Open Order
test_only,ORD00886819,41.0,PVVPLWHT02,2026-07-29,2026-07-29,SalesTableCDREntities,2026-07-29,yes,yes,no,test_only_missing_from_live_odata_headers,no,4105,Open Order
test_only,ORD00886819,42.0,PVVRBALB02,2026-07-29,2026-07-29,SalesTableCDREntities,2026-07-29,yes,yes,no,test_only_missing_from_live_odata_headers,no,4105,Open Order
test_only,ORD00886819,43.0,MSG2474WH4,2026-07-29,2026-07-29,SalesTableCDREntities,2026-07-29,yes,yes,no,test_only_missing_from_live_odata_headers,no,4105,Open Order
test_only,ORD00886819,44.0,MFG234WH02,2026-07-29,2026-07-29,SalesTableCDREntities,2026-07-29,yes,yes,no,test_only_missing_from_live_odata_headers,no,4105,Open Order
test_only,ORD00886819,45.0,MSG271WH04,2026-07-29,2026-07-29,SalesTableCDREntities,2026-07-29,yes,yes,no,test_only_missing_from_live_odata_headers,no,4105,Open Order
test_only,ORD00886819,46.0,PVVPLALB02,2026-07-29,2026-07-29,SalesTableCDREntities,2026-07-29,yes,yes,no,test_only_missing_from_live_odata_headers,no,4105,Open Order
test_only,ORD00886819,47.0,PVVRBWHT02,2026-07-29,2026-07-29,SalesTableCDREntities,2026-07-29,yes,yes,no,test_only_missing_from_live_odata_headers,no,4105,Open Order
test_only,ORD00886819,48.0,MSG272WH04,2026-07-29,2026-07-29,SalesTableCDREntities,2026-07-29,yes,yes,no,test_only_missing_from_live_odata_headers,no,4105,Open Order
test_only,ORD00886819,49.0,MSG270WH04,2026-07-29,2026-07-29,SalesTableCDREntities,2026-07-29,yes,yes,no,test_only_missing_from_live_odata_headers,no,4105,Open Order
test_only,ORD00886819,5.0,SOCO72WD06,2026-07-29,2026-07-29,SalesTableCDREntities,2026-07-29,yes,yes,no,test_only_missing_from_live_odata_headers,no,4105,Open Order
test_only,ORD00886819,50.0,MSG2704WH4,2026-07-29,2026-07-29,SalesTableCDREntities,2026-07-29,yes,yes,no,test_only_missing_from_live_odata_headers,no,4105,Open Order
test_only,ORD00886819,6.0,SOCO72WH06,2026-07-29,2026-07-29,SalesTableCDREntities,2026-07-29,yes,yes,no,test_only_missing_from_live_odata_headers,no,4105,Open Order
test_only,ORD00886819,7.0,VRCO72CA06,2026-07-29,2026-07-29,SalesTableCDREntities,2026-07-29,yes,yes,no,test_only_missing_from_live_odata_headers,no,4105,Open Order
test_only,ORD00886819,8.0,MSG2454WH4,2026-07-29,2026-07-29,SalesTableCDREntities,2026-07-29,yes,yes,no,test_only_missing_from_live_odata_headers,no,4105,Open Order
test_only,ORD00886819,9.0,MSG245WH04,2026-07-29,2026-07-29,SalesTableCDREntities,2026-07-29,yes,yes,no,test_only_missing_from_live_odata_headers,no,4105,Open Order
test_only,ORD00886886,0.0,MSG2287WH6,2026-07-29,2026-07-29,SalesOrderHeadersV3,,yes,no,,no_line_created_odata,no,6646,Invoiced
test_only,ORD00886942,0.0,MIPN84BH06,2026-07-30,2026-07-29,SalesOrderHeadersV3,,yes,no,,no_line_created_odata,no,5358,Open Order
test_only,ORD00886942,0.0,MIPN84TL06,2026-07-30,2026-07-29,SalesOrderHeadersV3,,yes,no,,no_line_created_odata,no,5358,Open Order
test_only,ORD00886942,0.0,TQPN84GR06,2026-07-30,2026-07-29,SalesOrderHeadersV3,,yes,no,,no_line_created_odata,no,5358,Canceled
test_only,ORD00886942,0.0,TQPN84MS06,2026-07-30,2026-07-29,SalesOrderHeadersV3,,yes,no,,no_line_created_odata,no,5358,Open Order
test_only,ORD00888117,0.0,MSG245WH04,2026-07-31,2026-07-31,SalesOrderHeadersV3,,yes,no,,no_line_created_odata,yes,2983818,Open Order
test_only,ORD00888117,0.0,MSG246WH04,2026-07-31,2026-07-31,SalesOrderHeadersV3,,yes,no,,no_line_created_odata,yes,2983818,Open Order
test_only,ORD00888117,0.0,MSG247WH04,2026-07-31,2026-07-31,SalesOrderHeadersV3,,yes,no,,no_line_created_odata,yes,2983818,Open Order
test_only,ORD00888117,0.0,MSG248WH04,2026-07-31,2026-07-31,SalesOrderHeadersV3,,yes,no,,no_line_created_odata,yes,2983818,Open Order
test_only,ORD00888117,0.0,MSG252WH04,2026-07-31,2026-07-31,SalesOrderHeadersV3,,yes,no,,no_line_created_odata,yes,2983818,Open Order
test_only,ORD00888415,1.0,FTVSO10220,2026-07-31,2026-08-01,SalesOrderHeadersV3,2026-08-01,no,no,no,tz_edge,yes,7025,Invoiced
test_only,ORD00888416,1.0,MSG226WD06,2026-07-31,2026-08-01,SalesOrderHeadersV3,2026-08-01,no,no,no,tz_edge,yes,7025,Invoiced
test_only,ORD00888417,1.0,MSG243AL04,2026-07-31,2026-08-01,SalesOrderHeadersV3,2026-08-01,no,no,no,tz_edge,yes,7025,Invoiced
test_only,ORD00888418,1.0,MSG2314BK6,2026-07-31,2026-08-01,SalesOrderHeadersV3,2026-08-01,no,no,no,tz_edge,yes,7025,Invoiced
test_only,ORD00888419,1.0,DSG231WH06,2026-07-31,2026-08-01,SalesOrderHeadersV3,2026-08-01,no,no,no,tz_edge,yes,7025,Invoiced
test_only,ORD00888420,1.0,MSG2284BK6,2026-07-31,2026-08-01,SalesOrderHeadersV3,2026-08-01,no,no,no,tz_edge,yes,7125,Invoiced
test_only,ORD00888420,2.0,MSG2284BK6,2026-07-31,2026-08-01,SalesOrderHeadersV3,2026-08-01,no,no,no,tz_edge,yes,7125,Invoiced
test_only,ORD00888421,1.0,TRS376WH12,2026-07-31,2026-08-01,SalesOrderHeadersV3,2026-08-01,no,no,no,tz_edge,yes,7125,Invoiced
test_only,ORD00888421,2.0,TRS376WH12,2026-07-31,2026-08-01,SalesOrderHeadersV3,2026-08-01,no,no,no,tz_edge,yes,7125,Invoiced
test_only,ORD00888422,1.0,RTFTV63020,2026-07-31,2026-08-01,SalesOrderHeadersV3,2026-08-01,no,no,no,tz_edge,yes,9206,Invoiced
test_only,ORD00888423,1.0,DSG234MH06,2026-07-31,2026-08-01,SalesOrderHeadersV3,2026-08-01,no,no,no,tz_edge,yes,9303,Invoiced
test_only,ORD00888424,1.0,MSG252WH04,2026-07-31,2026-08-01,SalesOrderHeadersV3,2026-08-01,no,no,no,tz_edge,yes,9303,Invoiced
test_only,ORD00888425,1.0,MSG2234BK6,2026-07-31,2026-08-01,SalesOrderHeadersV3,2026-08-01,no,no,no,tz_edge,yes,7025,Invoiced
test_only,ORD00888425,2.0,MSG2284BK6,2026-07-31,2026-08-01,SalesOrderHeadersV3,2026-08-01,no,no,no,tz_edge,yes,7025,Invoiced
test_only,ORD00888426,1.0,RTFTV60220,2026-07-31,2026-08-01,SalesOrderHeadersV3,2026-08-01,no,no,no,tz_edge,yes,7025,Invoiced
test_only,ORD00888427,1.0,LUG227MH04,2026-07-31,2026-08-01,SalesOrderHeadersV3,2026-08-01,no,no,no,tz_edge,yes,7125,Invoiced
test_only,ORD00888427,2.0,LUG227MH04,2026-07-31,2026-08-01,SalesOrderHeadersV3,2026-08-01,no,no,no,tz_edge,yes,7125,Invoiced
test_only,ORD00888428,1.0,MSG232BK06,2026-07-31,2026-08-01,SalesOrderHeadersV3,2026-08-01,no,no,no,tz_edge,yes,7125,Invoiced
test_only,ORD00888428,2.0,MSG232BK06,2026-07-31,2026-08-01,SalesOrderHeadersV3,2026-08-01,no,no,no,tz_edge,yes,7125,Invoiced
test_only,ORD00888429,1.0,MSG252BK04,2026-07-31,2026-08-01,SalesOrderHeadersV3,2026-08-01,no,no,no,tz_edge,yes,9206,Invoiced
test_only,ORD00888429,2.0,MSG234BK06,2026-07-31,2026-08-01,SalesOrderHeadersV3,2026-08-01,no,no,no,tz_edge,yes,9206,Invoiced
test_only,ORD00888430,1.0,CSTD29WH06,2026-07-31,2026-08-01,SalesOrderHeadersV3,2026-08-01,no,no,no,tz_edge,yes,9206,Invoiced
test_only,ORD00888431,1.0,WRM1830LT6,2026-07-31,2026-08-01,SalesOrderHeadersV3,2026-08-01,no,no,no,tz_edge,yes,7025,Invoiced
test_only,ORD00888432,1.0,DSG229BK06,2026-07-31,2026-08-01,SalesOrderHeadersV3,2026-08-01,no,no,no,tz_edge,yes,7025,Invoiced
test_only,ORD00888433,1.0,MSG239WH04,2026-07-31,2026-08-01,SalesOrderHeadersV3,2026-08-01,no,no,no,tz_edge,yes,7025,Invoiced
test_only,ORD00888434,1.0,MSG231WD06,2026-07-31,2026-08-01,SalesOrderHeadersV3,2026-08-01,no,no,no,tz_edge,yes,7125,Invoiced
test_only,ORD00888435,1.0,MSG238WH04,2026-07-31,2026-08-01,SalesOrderHeadersV3,2026-08-01,no,no,no,tz_edge,yes,9303,Invoiced
test_only,ORD00888436,1.0,ANFTMBTF12,2026-07-31,2026-08-01,SalesOrderHeadersV3,2026-08-01,no,no,no,tz_edge,yes,1412,Invoiced
test_only,ORD00888437,1.0,HNPN63GY06,2026-07-31,2026-08-01,SalesOrderHeadersV3,2026-08-01,no,no,no,tz_edge,yes,1412,Invoiced
test_only,ORD00888438,1.0,MSG230BK06,2026-07-31,2026-08-01,SalesOrderHeadersV3,2026-08-01,no,no,no,tz_edge,yes,9206,Invoiced
test_only,ORD00888439,1.0,MSG226WH06,2026-07-31,2026-08-01,SalesOrderHeadersV3,2026-08-01,no,no,no,tz_edge,yes,9303,Invoiced
test_only,ORD00888440,1.0,MSG226WH06,2026-07-31,2026-08-01,SalesOrderHeadersV3,2026-08-01,no,no,no,tz_edge,yes,9303,Invoiced
test_only,ORD00888441,1.0,MSG244WH04,2026-07-31,2026-08-01,SalesOrderHeadersV3,2026-08-01,no,no,no,tz_edge,yes,7025,Invoiced
test_only,ORD00888442,1.0,RDFUTR6606,2026-07-31,2026-08-01,SalesOrderHeadersV3,2026-08-01,no,no,no,tz_edge,yes,7025,Invoiced
test_only,ORD00888443,1.0,FTVWD23120,2026-07-31,2026-08-01,SalesOrderHeadersV3,2026-08-01,no,no,no,tz_edge,yes,7025,Invoiced
test_only,ORD00888444,1.0,ALPN84WH06,2026-07-31,2026-08-01,SalesOrderHeadersV3,2026-08-01,no,no,no,tz_edge,yes,9022,Invoiced
test_only,ORD00888445,1.0,ANFTMMAJ12,2026-07-31,2026-08-01,SalesOrderHeadersV3,2026-08-01,no,no,no,tz_edge,yes,9022,Invoiced
test_only,ORD00888446,1.0,FTVWD23120,2026-07-31,2026-08-01,SalesOrderHeadersV3,2026-08-01,no,no,no,tz_edge,yes,7125,Invoiced
test_only,ORD00888446,2.0,FTVWD23120,2026-07-31,2026-08-01,SalesOrderHeadersV3,2026-08-01,no,no,no,tz_edge,yes,7125,Invoiced
test_only,ORD00888447,1.0,AFB1830G12,2026-07-31,2026-08-01,SalesOrderHeadersV3,2026-08-01,no,no,no,tz_edge,yes,7125,Invoiced
test_only,ORD00888448,1.0,FTVWD23120,2026-07-31,2026-08-01,SalesOrderHeadersV3,2026-08-01,no,no,no,tz_edge,yes,7125,Invoiced
test_only,ORD00888448,2.0,FTVWD23120,2026-07-31,2026-08-01,SalesOrderHeadersV3,2026-08-01,no,no,no,tz_edge,yes,7125,Invoiced
test_only,ORD00888448,3.0,FTVWD23120,2026-07-31,2026-08-01,SalesOrderHeadersV3,2026-08-01,no,no,no,tz_edge,yes,7125,Invoiced
test_only,ORD00888448,4.0,FTVWD23120,2026-07-31,2026-08-01,SalesOrderHeadersV3,2026-08-01,no,no,no,tz_edge,yes,7125,Invoiced
test_only,ORD00888449,1.0,420-0-PK12,2026-07-31,2026-08-01,SalesOrderHeadersV3,2026-08-01,no,no,no,tz_edge,yes,9303,Invoiced
test_only,ORD00888450,1.0,TOVYSTCH04,2026-07-31,2026-08-01,SalesOrderHeadersV3,2026-08-01,no,no,no,tz_edge,yes,9303,Invoiced
test_only,ORD00888451,1.0,DMCS36ML12,2026-07-31,2026-08-01,SalesOrderHeadersV3,2026-08-01,no,no,no,tz_edge,yes,9022,Invoiced
test_only,ORD00888451,2.0,GECS36YL12,2026-07-31,2026-08-01,SalesOrderHeadersV3,2026-08-01,no,no,no,tz_edge,yes,9022,Invoiced
test_only,ORD00888452,1.0,TRL376IV12,2026-07-31,2026-08-01,SalesOrderHeadersV3,2026-08-01,no,no,no,tz_edge,yes,7025,Invoiced
test_only,ORD00888453,1.0,MSG2367BK6,2026-07-31,2026-08-01,SalesOrderHeadersV3,2026-08-01,no,no,no,tz_edge,yes,9303,Invoiced
test_only,ORD00888454,1.0,DSG243WH04,2026-07-31,2026-08-01,SalesOrderHeadersV3,2026-08-01,no,no,no,tz_edge,yes,9303,Invoiced
test_only,ORD00888455,1.0,WRM1830IW6,2026-07-31,2026-08-01,SalesOrderHeadersV3,2026-08-01,no,no,no,tz_edge,yes,7025,Invoiced
test_only,ORD00888456,1.0,TRL376WH12,2026-07-31,2026-08-01,SalesOrderHeadersV3,2026-08-01,no,no,no,tz_edge,yes,9022,Invoiced
test_only,ORD00888457,1.0,MSG2287WH6,2026-07-31,2026-08-01,SalesOrderHeadersV3,2026-08-01,no,no,no,tz_edge,yes,7125,Invoiced
test_only,ORD00888458,1.0,260-0-PK24,2026-07-31,2026-08-01,SalesOrderHeadersV3,2026-08-01,no,no,no,tz_edge,yes,9303,Invoiced
test_only,ORD00888459,1.0,MSG226WH06,2026-07-31,2026-08-01,SalesOrderHeadersV3,2026-08-01,no,no,no,tz_edge,yes,9303,Invoiced
test_only,ORD00888460,1.0,MSG232WH06,2026-07-31,2026-08-01,SalesOrderHeadersV3,2026-08-01,no,no,no,tz_edge,yes,9303,Invoiced
test_only,ORD00888461,1.0,MSG226WH06,2026-07-31,2026-08-01,SalesOrderHeadersV3,2026-08-01,no,no,no,tz_edge,yes,9303,Invoiced
test_only,ORD00888462,1.0,STP1.2GO10,2026-07-31,2026-08-01,SalesOrderHeadersV3,2026-08-01,no,no,no,tz_edge,yes,7125,Invoiced
test_only,ORD00888462,2.0,STP1.2GO10,2026-07-31,2026-08-01,SalesOrderHeadersV3,2026-08-01,no,no,no,tz_edge,yes,7125,Invoiced
test_only,ORD00888463,1.0,WRM1830IW6,2026-07-31,2026-08-01,SalesOrderHeadersV3,2026-08-01,no,no,no,tz_edge,yes,1412,Invoiced
test_only,ORD00888464,1.0,GBTV36MU12,2026-07-31,2026-08-01,SalesOrderHeadersV3,2026-08-01,no,no,no,tz_edge,yes,1412,Invoiced
test_only,ORD00888465,1.0,MSG239BK04,2026-07-31,2026-08-01,SalesOrderHeadersV3,2026-08-01,no,no,no,tz_edge,yes,9303,Invoiced
test_only,ORD00888466,1.0,MSG232WH06,2026-07-31,2026-08-01,SalesOrderHeadersV3,2026-08-01,no,no,no,tz_edge,yes,9303,Invoiced
test_only,ORD00888467,1.0,MSG252BK04,2026-07-31,2026-08-01,SalesOrderHeadersV3,2026-08-01,no,no,no,tz_edge,yes,7025,Invoiced
test_only,ORD00888468,1.0,OMPN63ER06,2026-07-31,2026-08-01,SalesOrderHeadersV3,2026-08-01,no,no,no,tz_edge,yes,7025,Invoiced
test_only,ORD00888469,1.0,AF1830TN12,2026-07-31,2026-08-01,SalesOrderHeadersV3,2026-08-01,no,no,no,tz_edge,yes,9022,Invoiced
test_only,ORD00888470,1.0,NXCRPTJT12,2026-07-31,2026-08-01,SalesOrderHeadersV3,2026-08-01,no,no,no,tz_edge,yes,7125,Invoiced
test_only,ORD00888470,2.0,NXCRPTJT12,2026-07-31,2026-08-01,SalesOrderHeadersV3,2026-08-01,no,no,no,tz_edge,yes,7125,Invoiced
test_only,ORD00888470,3.0,NXCRPTJT12,2026-07-31,2026-08-01,SalesOrderHeadersV3,2026-08-01,no,no,no,tz_edge,yes,7125,Invoiced
test_only,ORD00888470,4.0,NXCRPTJT12,2026-07-31,2026-08-01,SalesOrderHeadersV3,2026-08-01,no,no,no,tz_edge,yes,7125,Invoiced
test_only,ORD00888470,5.0,NXCRPTJT12,2026-07-31,2026-08-01,SalesOrderHeadersV3,2026-08-01,no,no,no,tz_edge,yes,7125,Invoiced
test_only,ORD00888470,6.0,NXCRPTJT12,2026-07-31,2026-08-01,SalesOrderHeadersV3,2026-08-01,no,no,no,tz_edge,yes,7125,Invoiced
test_only,ORD00888471,1.0,MSG226WH06,2026-07-31,2026-08-01,SalesOrderHeadersV3,2026-08-01,no,no,no,tz_edge,yes,9303,Invoiced
test_only,ORD00888472,1.0,FTVSO10220,2026-07-31,2026-08-01,SalesOrderHeadersV3,2026-08-01,no,no,no,tz_edge,yes,7025,Invoiced
test_only,ORD00888473,1.0,TRL376BK12,2026-07-31,2026-08-01,SalesOrderHeadersV3,2026-08-01,no,no,no,tz_edge,yes,7025,Invoiced
test_only,ORD00888474,1.0,STT1M10120,2026-07-31,2026-08-01,SalesOrderHeadersV3,2026-08-01,no,no,no,tz_edge,yes,7025,Invoiced
test_only,ORD00888475,1.0,TRL376WH12,2026-07-31,2026-08-01,SalesOrderHeadersV3,2026-08-01,no,no,no,tz_edge,yes,7125,Invoiced
test_only,ORD00888476,1.0,BETR36GY12,2026-07-31,2026-08-01,SalesOrderHeadersV3,2026-08-01,no,no,no,tz_edge,yes,9206,Invoiced
test_only,ORD00888477,1.0,MSG238WH04,2026-07-31,2026-08-01,SalesOrderHeadersV3,2026-08-01,no,no,no,tz_edge,yes,9303,Invoiced
test_only,ORD00888478,1.0,MSG242WH04,2026-07-31,2026-08-01,SalesOrderHeadersV3,2026-08-01,no,no,no,tz_edge,yes,9303,Invoiced
test_only,ORD00888479,1.0,FTVMA46120,2026-07-31,2026-08-01,SalesOrderHeadersV3,2026-08-01,no,no,no,tz_edge,yes,7025,Invoiced
test_only,ORD00888480,1.0,MSG2274BK6,2026-07-31,2026-08-01,SalesOrderHeadersV3,2026-08-01,no,no,no,tz_edge,yes,7025,Invoiced
test_only,ORD00888481,1.0,DSG234MH06,2026-07-31,2026-08-01,SalesOrderHeadersV3,2026-08-01,no,no,no,tz_edge,yes,7025,Invoiced
test_only,ORD00888482,1.0,BECS36GN12,2026-07-31,2026-08-01,SalesOrderHeadersV3,2026-08-01,no,no,no,tz_edge,yes,1412,Invoiced
test_only,ORD00888483,1.0,MSG229WD06,2026-07-31,2026-08-01,SalesOrderHeadersV3,2026-08-01,no,no,no,tz_edge,yes,9206,Invoiced
test_only,ORD00888484,1.0,DSG233LT06,2026-07-31,2026-08-01,SalesOrderHeadersV3,2026-08-01,no,no,no,tz_edge,yes,9303,Invoiced
test_only,ORD00888485,1.0,MSG238WH04,2026-07-31,2026-08-01,SalesOrderHeadersV3,2026-08-01,no,no,no,tz_edge,yes,9303,Invoiced
test_only,ORD00888486,1.0,MSG232WH06,2026-07-31,2026-08-01,SalesOrderHeadersV3,2026-08-01,no,no,no,tz_edge,yes,9303,Invoiced
test_only,ORD00888487,1.0,MSG252WH04,2026-07-31,2026-08-01,SalesOrderHeadersV3,2026-08-01,no,no,no,tz_edge,yes,9303,Invoiced
test_only,ORD00888488,1.0,BCTR36BW12,2026-07-31,2026-08-01,SalesOrderHeadersV3,2026-08-01,no,no,no,tz_edge,yes,7025,Invoiced
test_only,ORD00888489,1.0,VFP1.2HK10,2026-07-31,2026-08-01,SalesOrderHeadersV3,2026-08-01,no,no,no,tz_edge,yes,9206,Invoiced
test_only,ORD00888490,1.0,DSG234GY06,2026-07-31,2026-08-01,SalesOrderHeadersV3,2026-08-01,no,no,no,tz_edge,yes,9206,Invoiced
test_only,ORD00888491,1.0,MSG238WH04,2026-07-31,2026-08-01,SalesOrderHeadersV3,2026-08-01,no,no,no,tz_edge,yes,9303,Invoiced
test_only,ORD00888492,1.0,MSG239GY04,2026-07-31,2026-08-01,SalesOrderHeadersV3,2026-08-01,no,no,no,tz_edge,yes,9303,Invoiced
test_only,ORD00888493,1.0,TRS736BK06,2026-07-31,2026-08-01,SalesOrderHeadersV3,2026-08-01,no,no,no,tz_edge,yes,9303,Invoiced
test_only,ORD00888494,1.0,TRS736BK06,2026-07-31,2026-08-01,SalesOrderHeadersV3,2026-08-01,no,no,no,tz_edge,yes,9303,Invoiced
test_only,ORD00888495,1.0,WNPP84IV06,2026-07-31,2026-08-01,SalesOrderHeadersV3,2026-08-01,no,no,no,tz_edge,yes,7025,Invoiced
test_only,ORD00888496,1.0,FTVMA40220,2026-07-31,2026-08-01,SalesOrderHeadersV3,2026-08-01,no,no,no,tz_edge,yes,7025,Invoiced
test_only,ORD00888497,1.0,MSG227BK06,2026-07-31,2026-08-01,SalesOrderHeadersV3,2026-08-01,no,no,no,tz_edge,yes,7025,Invoiced
test_only,ORD00888498,1.0,PCM1830GA6,2026-07-31,2026-08-01,SalesOrderHeadersV3,2026-08-01,no,no,no,tz_edge,yes,7025,Invoiced
test_only,ORD00888499,1.0,MSG225WH06,2026-07-31,2026-08-01,SalesOrderHeadersV3,2026-08-01,no,no,no,tz_edge,yes,7025,Invoiced
test_only,ORD00888500,1.0,RTFTV60520,2026-07-31,2026-08-01,SalesOrderHeadersV3,2026-08-01,no,no,no,tz_edge,yes,7025,Invoiced
test_only,ORD00888501,1.0,MSG235BK06,2026-07-31,2026-08-01,SalesOrderHeadersV3,2026-08-01,no,no,no,tz_edge,yes,9206,Invoiced
test_only,ORD00888502,1.0,FTVSO10320,2026-07-31,2026-08-01,SalesOrderHeadersV3,2026-08-01,no,no,no,tz_edge,yes,9206,Invoiced
test_only,ORD00888503,1.0,MSG238WH04,2026-07-31,2026-08-01,SalesOrderHeadersV3,2026-08-01,no,no,no,tz_edge,yes,9303,Invoiced
test_only,ORD00888504,1.0,DR54X72TN6,2026-07-31,2026-08-01,SalesOrderHeadersV3,2026-08-01,no,no,no,tz_edge,yes,8015,Invoiced
test_only,ORD00888505,1.0,FTVMA40920,2026-07-31,2026-08-01,SalesOrderHeadersV3,2026-08-01,no,no,no,tz_edge,yes,7025,Invoiced
test_only,ORD00888506,1.0,WIPN84GY06,2026-07-31,2026-08-01,SalesOrderHeadersV3,2026-08-01,no,no,no,tz_edge,yes,9022,Invoiced
test_only,ORD00888507,1.0,MSG222WH06,2026-07-31,2026-08-01,SalesOrderHeadersV3,2026-08-01,no,no,no,tz_edge,yes,7025,Invoiced
test_only,ORD00888507,2.0,MSG226WH06,2026-07-31,2026-08-01,SalesOrderHeadersV3,2026-08-01,no,no,no,tz_edge,yes,7025,Invoiced
test_only,ORD00888507,3.0,MSG230WH06,2026-07-31,2026-08-01,SalesOrderHeadersV3,2026-08-01,no,no,no,tz_edge,yes,7025,Invoiced
test_only,ORD00888508,1.0,WRM1830AD6,2026-07-31,2026-08-01,SalesOrderHeadersV3,2026-08-01,no,no,no,tz_edge,yes,9022,Invoiced
test_only,ORD00888509,1.0,PCM1830WL6,2026-07-31,2026-08-01,SalesOrderHeadersV3,2026-08-01,no,no,no,tz_edge,yes,7125,Invoiced
test_only,ORD00888510,1.0,INOPOR6604,2026-07-31,2026-08-01,SalesOrderHeadersV3,2026-08-01,no,no,no,tz_edge,yes,9206,Invoiced
test_only,ORD00888511,1.0,MSG239BK04,2026-07-31,2026-08-01,SalesOrderHeadersV3,2026-08-01,no,no,no,tz_edge,yes,9303,Invoiced
test_only,ORD00888512,1.0,FTVWD23120,2026-07-31,2026-08-01,SalesOrderHeadersV3,2026-08-01,no,no,no,tz_edge,yes,7125,Invoiced
test_only,ORD00888513,1.0,MFG230MH02,2026-07-31,2026-08-01,SalesOrderHeadersV3,2026-08-01,no,no,no,tz_edge,yes,7125,Invoiced
test_only,ORD00888513,2.0,MFG230MH02,2026-07-31,2026-08-01,SalesOrderHeadersV3,2026-08-01,no,no,no,tz_edge,yes,7125,Invoiced
test_only,ORD00888514,1.0,MSG238WH04,2026-07-31,2026-08-01,SalesOrderHeadersV3,2026-08-01,no,no,no,tz_edge,yes,9303,Invoiced
test_only,ORD00888515,1.0,FTVSO10220,2026-07-31,2026-08-01,SalesOrderHeadersV3,2026-08-01,no,no,no,tz_edge,yes,9206,Invoiced
test_only,ORD00888516,1.0,DSG229BK06,2026-07-31,2026-08-01,SalesOrderHeadersV3,2026-08-01,no,no,no,tz_edge,yes,9303,Invoiced
test_only,ORD00888517,1.0,FTVMA45545,2026-07-31,2026-08-01,SalesOrderHeadersV3,2026-08-01,no,no,no,tz_edge,yes,9091,Invoiced
